<?xml version="1.0" encoding="UTF-8"?>
<uiaEventData>
   <hdr>
      <hdrType>
         <word>0</word>
         <width>5</width>
         <lsb>27</lsb>
         <enumValue value="0">
            <name>Event</name>
         </enumValue>
         <enumValue value="1">
            <name>EventWithTimestamp</name>
         </enumValue>
         <enumValue value="2">
            <name>EventWithSnapshotId</name>
         </enumValue>
         <enumValue value="3">
            <name>EventWithSnapshotIdAndTimestamp</name>
         </enumValue>
      </hdrType>
      <hdrLayout>
         <!-- Header for an event with no timestamps or calling address -->
         <header name="Event">
            <numWords>2</numWords>
            <word index="0">
               <bitfield name="lengthInMAUs">
                  <width>11</width>
                  <lsb>16</lsb>
               </bitfield>
               <bitfield name="sequenceID">
                  <width>16</width>
                  <lsb>0</lsb>
               </bitfield>
            </word>
            <word index="1">
               <bitfield name="eventID">
               <width>16</width>
               <lsb>16</lsb>
               </bitfield>
               <bitfield name="moduleID">
               <width>16</width>
               <lsb>0</lsb>
               </bitfield>
            </word>
         </header>
         <!-- Header for an event with 64b timestamp -->
         <header name="EventWithTimestamp">
            <numWords>4</numWords>
            <word index="0">
               <bitfield name="lengthInMAUs">
                  <width>11</width>
                  <lsb>16</lsb>
               </bitfield>
               <bitfield name="sequenceID">
                  <width>16</width>
                  <lsb>0</lsb>
               </bitfield>
            </word>
            <word index="1">
               <bitfield name="timestampLSW">
                  <width>32</width>
                  <lsb>0</lsb>
               </bitfield>
            </word>
            <word index="2">
               <bitfield name="timestampMSW">
                  <width>32</width>
                  <lsb>0</lsb>
               </bitfield>
            </word>
            <word index="3">
               <bitfield name="eventID">
                  <width>16</width>
                  <lsb>16</lsb>
               </bitfield>
               <bitfield name="moduleID">
                  <width>16</width>
                  <lsb>0</lsb>
               </bitfield>
            </word>
         </header>
         <!-- Header for a snapshot event (no timestamps) -->
         <header name="EventWithSnapshotId">
            <numWords>2</numWords>
            <word index="0">
               <bitfield name="lengthInMAUs">
                  <width>11</width>
                  <lsb>16</lsb>
               </bitfield>
               <bitfield name="sequenceID">
                  <width>16</width>
                  <lsb>0</lsb>
               </bitfield>
            </word>
            <word index="1">
               <bitfield name="eventID">
                  <width>16</width>
                  <lsb>16</lsb>
               </bitfield>
               <bitfield name="moduleID">
                  <width>16</width>
                  <lsb>0</lsb>
               </bitfield>
            </word>
         </header>
         <!-- Header for a snapshot event with 64b timestamps -->
         <header name="EventWithSnapshotIdAndTimestamp">
            <numWords>4</numWords>
            <word index="0">
               <bitfield name="lengthInMAUs">
                  <width>11</width>
                  <lsb>16</lsb>
               </bitfield>
               <bitfield name="sequenceID">
                  <width>16</width>
                  <lsb>0</lsb>
               </bitfield>
            </word>
            <word index="1">
               <bitfield name="timestampLSW">
                  <width>32</width>
                  <lsb>0</lsb>
               </bitfield>
            </word>
            <word index="2">
               <bitfield name="timestampMSW">
                  <width>32</width>
                  <lsb>0</lsb>
               </bitfield>
            </word>
            <word index="3">
               <bitfield name="eventID">
                  <width>16</width>
                  <lsb>16</lsb>
               </bitfield>
               <bitfield name="moduleID">
                  <width>16</width>
                  <lsb>0</lsb>
               </bitfield>
            </word>
         </header>
      </hdrLayout>
   </hdr>
   <evtMap id="5292">
      <longName>xdc.runtime.Log.L_construct</longName>
      <shortName>Log_L_construct</shortName>
      <moduleId>32776</moduleId>
      <diagMask>4</diagMask>
      <msg>%3C--+construct%3A+%25p%28%27%25s%27%29</msg>
      <eventType>LIFECYCLE</eventType>
   </evtMap>
   <evtMap id="5316">
      <longName>xdc.runtime.Log.L_create</longName>
      <shortName>Log_L_create</shortName>
      <moduleId>32776</moduleId>
      <diagMask>4</diagMask>
      <msg>%3C--+create%3A+%25p%28%27%25s%27%29</msg>
      <eventType>LIFECYCLE</eventType>
   </evtMap>
   <evtMap id="5337">
      <longName>xdc.runtime.Log.L_destruct</longName>
      <shortName>Log_L_destruct</shortName>
      <moduleId>32776</moduleId>
      <diagMask>4</diagMask>
      <msg>--%3E+destruct%3A+%28%25p%29</msg>
      <eventType>LIFECYCLE</eventType>
   </evtMap>
   <evtMap id="5356">
      <longName>xdc.runtime.Log.L_delete</longName>
      <shortName>Log_L_delete</shortName>
      <moduleId>32776</moduleId>
      <diagMask>4</diagMask>
      <msg>--%3E+delete%3A+%28%25p%29</msg>
      <eventType>LIFECYCLE</eventType>
   </evtMap>
   <evtMap id="5373">
      <longName>xdc.runtime.Log.L_error</longName>
      <shortName>Log_L_error</shortName>
      <moduleId>32776</moduleId>
      <diagMask>128</diagMask>
      <msg>ERROR%3A+%25%24F%25%24S</msg>
      <eventType>ERROR</eventType>
   </evtMap>
   <evtMap id="5387">
      <longName>xdc.runtime.Log.L_warning</longName>
      <shortName>Log_L_warning</shortName>
      <moduleId>32776</moduleId>
      <diagMask>128</diagMask>
      <msg>WARNING%3A+%25%24F%25%24S</msg>
      <eventType>WARNING</eventType>
   </evtMap>
   <evtMap id="5403">
      <longName>xdc.runtime.Log.L_info</longName>
      <shortName>Log_L_info</shortName>
      <moduleId>32776</moduleId>
      <diagMask>16384</diagMask>
      <msg>%25%24F%25%24S</msg>
      <eventType>INFO</eventType>
   </evtMap>
   <evtMap id="5410">
      <longName>xdc.runtime.Log.L_start</longName>
      <shortName>Log_L_start</shortName>
      <moduleId>32776</moduleId>
      <diagMask>32768</diagMask>
      <msg>Start%3A+%25%24S</msg>
      <eventType>ANALYSIS</eventType>
   </evtMap>
   <evtMap id="5421">
      <longName>xdc.runtime.Log.L_stop</longName>
      <shortName>Log_L_stop</shortName>
      <moduleId>32776</moduleId>
      <diagMask>32768</diagMask>
      <msg>Stop%3A+%25%24S</msg>
      <eventType>ANALYSIS</eventType>
   </evtMap>
   <evtMap id="5431">
      <longName>xdc.runtime.Log.L_startInstance</longName>
      <shortName>Log_L_startInstance</shortName>
      <moduleId>32776</moduleId>
      <diagMask>32768</diagMask>
      <msg>StartInstance%3A+%25%24S</msg>
      <eventType>ANALYSIS</eventType>
   </evtMap>
   <evtMap id="5450">
      <longName>xdc.runtime.Log.L_stopInstance</longName>
      <shortName>Log_L_stopInstance</shortName>
      <moduleId>32776</moduleId>
      <diagMask>32768</diagMask>
      <msg>StopInstance%3A+%25%24S</msg>
      <eventType>ANALYSIS</eventType>
   </evtMap>
   <evtMap id="5468">
      <longName>ti.sysbios.family.c64p.Hwi.LM_begin</longName>
      <shortName>Hwi_LM_begin</shortName>
      <moduleId>32791</moduleId>
      <diagMask>768</diagMask>
      <msg>LM_begin%3A+hwi%3A+0x%25x%2C+func%3A+0x%25x%2C+preThread%3A+%25d%2C+intNum%3A+%25d%2C+irp%3A+0x%25x</msg>
   </evtMap>
   <evtMap id="5538">
      <longName>ti.sysbios.family.c64p.Hwi.LD_end</longName>
      <shortName>Hwi_LD_end</shortName>
      <moduleId>32791</moduleId>
      <diagMask>512</diagMask>
      <msg>LD_end%3A+hwi%3A+0x%25x</msg>
   </evtMap>
   <evtMap id="5556">
      <longName>ti.sysbios.knl.Clock.LW_delayed</longName>
      <shortName>Clock_LW_delayed</shortName>
      <moduleId>32796</moduleId>
      <diagMask>1024</diagMask>
      <msg>LW_delayed%3A+delay%3A+%25d</msg>
   </evtMap>
   <evtMap id="5578">
      <longName>ti.sysbios.knl.Clock.LM_tick</longName>
      <shortName>Clock_LM_tick</shortName>
      <moduleId>32796</moduleId>
      <diagMask>768</diagMask>
      <msg>LM_tick%3A+tick%3A+%25d</msg>
   </evtMap>
   <evtMap id="5596">
      <longName>ti.sysbios.knl.Clock.LM_begin</longName>
      <shortName>Clock_LM_begin</shortName>
      <moduleId>32796</moduleId>
      <diagMask>768</diagMask>
      <msg>LM_begin%3A+clk%3A+0x%25x%2C+func%3A+0x%25x</msg>
   </evtMap>
   <evtMap id="5628">
      <longName>ti.sysbios.knl.Event.LM_post</longName>
      <shortName>Event_LM_post</shortName>
      <moduleId>32799</moduleId>
      <diagMask>768</diagMask>
      <msg>LM_post%3A+event%3A+0x%25x%2C+currEvents%3A+0x%25x%2C+eventId%3A+0x%25x</msg>
   </evtMap>
   <evtMap id="5682">
      <longName>ti.sysbios.knl.Event.LM_pend</longName>
      <shortName>Event_LM_pend</shortName>
      <moduleId>32799</moduleId>
      <diagMask>768</diagMask>
      <msg>LM_pend%3A+event%3A+0x%25x%2C+currEvents%3A+0x%25x%2C+andMask%3A+0x%25x%2C+orMask%3A+0x%25x%2C+timeout%3A+%25d</msg>
   </evtMap>
   <evtMap id="5763">
      <longName>ti.sysbios.knl.Semaphore.LM_post</longName>
      <shortName>Semaphore_LM_post</shortName>
      <moduleId>32801</moduleId>
      <diagMask>768</diagMask>
      <msg>LM_post%3A+sem%3A+0x%25x%2C+count%3A+%25d</msg>
   </evtMap>
   <evtMap id="5793">
      <longName>ti.sysbios.knl.Semaphore.LM_pend</longName>
      <shortName>Semaphore_LM_pend</shortName>
      <moduleId>32801</moduleId>
      <diagMask>768</diagMask>
      <msg>LM_pend%3A+sem%3A+0x%25x%2C+count%3A+%25d%2C+timeout%3A+%25d</msg>
   </evtMap>
   <evtMap id="5836">
      <longName>ti.sysbios.knl.Swi.LM_begin</longName>
      <shortName>Swi_LM_begin</shortName>
      <moduleId>32802</moduleId>
      <diagMask>768</diagMask>
      <msg>LM_begin%3A+swi%3A+0x%25x%2C+func%3A+0x%25x%2C+preThread%3A+%25d</msg>
   </evtMap>
   <evtMap id="5883">
      <longName>ti.sysbios.knl.Swi.LD_end</longName>
      <shortName>Swi_LD_end</shortName>
      <moduleId>32802</moduleId>
      <diagMask>512</diagMask>
      <msg>LD_end%3A+swi%3A+0x%25x</msg>
   </evtMap>
   <evtMap id="5901">
      <longName>ti.sysbios.knl.Swi.LM_post</longName>
      <shortName>Swi_LM_post</shortName>
      <moduleId>32802</moduleId>
      <diagMask>768</diagMask>
      <msg>LM_post%3A+swi%3A+0x%25x%2C+func%3A+0x%25x%2C+pri%3A+%25d</msg>
   </evtMap>
   <evtMap id="5941">
      <longName>ti.sysbios.knl.Task.LM_switch</longName>
      <shortName>Task_LM_switch</shortName>
      <moduleId>32803</moduleId>
      <diagMask>768</diagMask>
      <msg>LM_switch%3A+oldtsk%3A+0x%25x%2C+oldfunc%3A+0x%25x%2C+newtsk%3A+0x%25x%2C+newfunc%3A+0x%25x</msg>
   </evtMap>
   <evtMap id="6009">
      <longName>ti.sysbios.knl.Task.LM_sleep</longName>
      <shortName>Task_LM_sleep</shortName>
      <moduleId>32803</moduleId>
      <diagMask>768</diagMask>
      <msg>LM_sleep%3A+tsk%3A+0x%25x%2C+func%3A+0x%25x%2C+timeout%3A+%25d</msg>
   </evtMap>
   <evtMap id="6054">
      <longName>ti.sysbios.knl.Task.LD_ready</longName>
      <shortName>Task_LD_ready</shortName>
      <moduleId>32803</moduleId>
      <diagMask>512</diagMask>
      <msg>LD_ready%3A+tsk%3A+0x%25x%2C+func%3A+0x%25x%2C+pri%3A+%25d</msg>
   </evtMap>
   <evtMap id="6095">
      <longName>ti.sysbios.knl.Task.LD_block</longName>
      <shortName>Task_LD_block</shortName>
      <moduleId>32803</moduleId>
      <diagMask>512</diagMask>
      <msg>LD_block%3A+tsk%3A+0x%25x%2C+func%3A+0x%25x</msg>
   </evtMap>
   <evtMap id="6127">
      <longName>ti.sysbios.knl.Task.LM_yield</longName>
      <shortName>Task_LM_yield</shortName>
      <moduleId>32803</moduleId>
      <diagMask>768</diagMask>
      <msg>LM_yield%3A+tsk%3A+0x%25x%2C+func%3A+0x%25x%2C+currThread%3A+%25d</msg>
   </evtMap>
   <evtMap id="6175">
      <longName>ti.sysbios.knl.Task.LM_setPri</longName>
      <shortName>Task_LM_setPri</shortName>
      <moduleId>32803</moduleId>
      <diagMask>768</diagMask>
      <msg>LM_setPri%3A+tsk%3A+0x%25x%2C+func%3A+0x%25x%2C+oldPri%3A+%25d%2C+newPri+%25d</msg>
   </evtMap>
   <evtMap id="6231">
      <longName>ti.sysbios.knl.Task.LD_exit</longName>
      <shortName>Task_LD_exit</shortName>
      <moduleId>32803</moduleId>
      <diagMask>512</diagMask>
      <msg>LD_exit%3A+tsk%3A+0x%25x%2C+func%3A+0x%25x</msg>
   </evtMap>
   <evtMap id="6262">
      <longName>ti.sysbios.knl.Task.LM_setAffinity</longName>
      <shortName>Task_LM_setAffinity</shortName>
      <moduleId>32803</moduleId>
      <diagMask>768</diagMask>
      <msg>LM_setAffinity%3A+tsk%3A+0x%25x%2C+func%3A+0x%25x%2C+oldCore%3A+%25d%2C+oldAffinity+%25d%2C+newAffinity+%25d</msg>
   </evtMap>
   <evtMap id="6345">
      <longName>ti.sysbios.knl.Task.LM_schedule</longName>
      <shortName>Task_LM_schedule</shortName>
      <moduleId>32803</moduleId>
      <diagMask>1024</diagMask>
      <msg>LD_schedule%3A+coreId%3A+%25d%2C+workFlag%3A+%25d%2C+curSetLocal%3A+%25d%2C+curSetX%3A+%25d%2C+curMaskLocal%3A+%25d</msg>
   </evtMap>
   <evtMap id="6431">
      <longName>ti.sysbios.knl.Task.LM_noWork</longName>
      <shortName>Task_LM_noWork</shortName>
      <moduleId>32803</moduleId>
      <diagMask>1024</diagMask>
      <msg>LD_noWork%3A+coreId%3A+%25d%2C+curSetLocal%3A+%25d%2C+curSetX%3A+%25d%2C+curMaskLocal%3A+%25d</msg>
   </evtMap>
   <evtMap id="6501">
      <longName>ti.uia.events.UIAErr.error</longName>
      <shortName>UIAErr_error</shortName>
      <moduleId>32810</moduleId>
      <diagMask>128</diagMask>
      <msg>ERROR%3A+ErrorCode%3A0x%25x</msg>
      <eventType>ERROR</eventType>
   </evtMap>
   <evtMap id="6523">
      <longName>ti.uia.events.UIAErr.errorWithStr</longName>
      <shortName>UIAErr_errorWithStr</shortName>
      <moduleId>32810</moduleId>
      <diagMask>128</diagMask>
      <msg>ERROR%3A+ErrorCode%3A0x%25x.+%25%24S</msg>
      <eventType>ERROR</eventType>
   </evtMap>
   <evtMap id="6550">
      <longName>ti.uia.events.UIAErr.hwError</longName>
      <shortName>UIAErr_hwError</shortName>
      <moduleId>32810</moduleId>
      <diagMask>128</diagMask>
      <msg>HW+ERROR%3A+ErrorCode%3A0x%25x</msg>
      <eventType>ERROR</eventType>
   </evtMap>
   <evtMap id="6575">
      <longName>ti.uia.events.UIAErr.hwErrorWithStr</longName>
      <shortName>UIAErr_hwErrorWithStr</shortName>
      <moduleId>32810</moduleId>
      <diagMask>128</diagMask>
      <msg>HW+ERROR%3A+ErrorCode%3A0x%25x.+%25%24S</msg>
      <eventType>ERROR</eventType>
   </evtMap>
   <evtMap id="6605">
      <longName>ti.uia.events.UIAErr.fatal</longName>
      <shortName>UIAErr_fatal</shortName>
      <moduleId>32810</moduleId>
      <diagMask>128</diagMask>
      <msg>FATAL+ERROR%3A+ErrorCode%3A0x%25x</msg>
      <eventType>EMERGENCY</eventType>
   </evtMap>
   <evtMap id="6633">
      <longName>ti.uia.events.UIAErr.fatalWithStr</longName>
      <shortName>UIAErr_fatalWithStr</shortName>
      <moduleId>32810</moduleId>
      <diagMask>128</diagMask>
      <msg>FATAL+ERROR%3A+ErrorCode%3A0x%25x.+%25%24S</msg>
      <eventType>EMERGENCY</eventType>
   </evtMap>
   <evtMap id="6666">
      <longName>ti.uia.events.UIAErr.critical</longName>
      <shortName>UIAErr_critical</shortName>
      <moduleId>32810</moduleId>
      <diagMask>128</diagMask>
      <msg>CRITICAL+ERROR%3A+ErrorCode%3A0x%25x</msg>
      <eventType>CRITICAL</eventType>
   </evtMap>
   <evtMap id="6697">
      <longName>ti.uia.events.UIAErr.criticalWithStr</longName>
      <shortName>UIAErr_criticalWithStr</shortName>
      <moduleId>32810</moduleId>
      <diagMask>128</diagMask>
      <msg>CRITICAL+ERROR%3A+ErrorCode%3A0x%25x.+%25%24S</msg>
      <eventType>CRITICAL</eventType>
   </evtMap>
   <evtMap id="6733">
      <longName>ti.uia.events.UIAErr.exception</longName>
      <shortName>UIAErr_exception</shortName>
      <moduleId>32810</moduleId>
      <diagMask>128</diagMask>
      <msg>ERROR%3A+Exception+at+%25%24F.</msg>
      <eventType>ERROR</eventType>
   </evtMap>
   <evtMap id="6758">
      <longName>ti.uia.events.UIAErr.uncaughtException</longName>
      <shortName>UIAErr_uncaughtException</shortName>
      <moduleId>32810</moduleId>
      <diagMask>128</diagMask>
      <msg>ERROR%3A+Uncaught+Exception+at+%25%24F.</msg>
      <eventType>ERROR</eventType>
   </evtMap>
   <evtMap id="6792">
      <longName>ti.uia.events.UIAErr.nullPointerException</longName>
      <shortName>UIAErr_nullPointerException</shortName>
      <moduleId>32810</moduleId>
      <diagMask>128</diagMask>
      <msg>ERROR%3A+Null+Pointer+Exception+at+%25%24F.</msg>
      <eventType>ERROR</eventType>
   </evtMap>
   <evtMap id="6830">
      <longName>ti.uia.events.UIAErr.unexpectedInterrupt</longName>
      <shortName>UIAErr_unexpectedInterrupt</shortName>
      <moduleId>32810</moduleId>
      <diagMask>128</diagMask>
      <msg>ERROR%3A+Unexpected+Interrupt+at+%25%24F.</msg>
      <eventType>ERROR</eventType>
   </evtMap>
   <evtMap id="6866">
      <longName>ti.uia.events.UIAErr.memoryAccessFault</longName>
      <shortName>UIAErr_memoryAccessFault</shortName>
      <moduleId>32810</moduleId>
      <diagMask>128</diagMask>
      <msg>ERROR%3A+Memory+Access+Fault+at+%25%24F.+[ADRS]0x%25x</msg>
      <eventType>ERROR</eventType>
   </evtMap>
   <evtMap id="6912">
      <longName>ti.uia.events.UIAErr.securityException</longName>
      <shortName>UIAErr_securityException</shortName>
      <moduleId>32810</moduleId>
      <diagMask>128</diagMask>
      <msg>ERROR%3A+Security+Exception+at+%25%24F.</msg>
      <eventType>ERROR</eventType>
   </evtMap>
   <evtMap id="6946">
      <longName>ti.uia.events.UIAErr.divisionByZero</longName>
      <shortName>UIAErr_divisionByZero</shortName>
      <moduleId>32810</moduleId>
      <diagMask>128</diagMask>
      <msg>ERROR%3A+Division+by+zero+at+%25%24F.</msg>
      <eventType>ERROR</eventType>
   </evtMap>
   <evtMap id="6978">
      <longName>ti.uia.events.UIAErr.overflowException</longName>
      <shortName>UIAErr_overflowException</shortName>
      <moduleId>32810</moduleId>
      <diagMask>128</diagMask>
      <msg>ERROR%3A+Overflow+exception+at+%25%24F.</msg>
      <eventType>ERROR</eventType>
   </evtMap>
   <evtMap id="7012">
      <longName>ti.uia.events.UIAErr.indexOutOfRange</longName>
      <shortName>UIAErr_indexOutOfRange</shortName>
      <moduleId>32810</moduleId>
      <diagMask>128</diagMask>
      <msg>ERROR%3A+Index+out+of+range+at+%25%24F.+[INDEX]0x%25x</msg>
      <eventType>ERROR</eventType>
   </evtMap>
   <evtMap id="7058">
      <longName>ti.uia.events.UIAErr.notImplemented</longName>
      <shortName>UIAErr_notImplemented</shortName>
      <moduleId>32810</moduleId>
      <diagMask>128</diagMask>
      <msg>ERROR%3A+Attempt+to+access+feature+that+is+not+implemented+at+%25%24F.</msg>
      <eventType>ERROR</eventType>
   </evtMap>
   <evtMap id="7123">
      <longName>ti.uia.events.UIAErr.stackOverflow</longName>
      <shortName>UIAErr_stackOverflow</shortName>
      <moduleId>32810</moduleId>
      <diagMask>128</diagMask>
      <msg>ERROR%3A+Stack+Overflow+detected+at+%25%24F.</msg>
      <eventType>CRITICAL</eventType>
   </evtMap>
   <evtMap id="7162">
      <longName>ti.uia.events.UIAErr.illegalInstruction</longName>
      <shortName>UIAErr_illegalInstruction</shortName>
      <moduleId>32810</moduleId>
      <diagMask>128</diagMask>
      <msg>ERROR%3A+Illegal+Instruction+executed+at+%25%24F.</msg>
      <eventType>ERROR</eventType>
   </evtMap>
   <evtMap id="7206">
      <longName>ti.uia.events.UIAErr.entryPointNotFound</longName>
      <shortName>UIAErr_entryPointNotFound</shortName>
      <moduleId>32810</moduleId>
      <diagMask>128</diagMask>
      <msg>ERROR%3A+Entry+Point+Not+Found+at+%25%24F.</msg>
      <eventType>ERROR</eventType>
   </evtMap>
   <evtMap id="7243">
      <longName>ti.uia.events.UIAErr.moduleNotFound</longName>
      <shortName>UIAErr_moduleNotFound</shortName>
      <moduleId>32810</moduleId>
      <diagMask>128</diagMask>
      <msg>ERROR%3A+Module+not+found+at+%25%24F.+[MODULE_ID]0x%25x.</msg>
      <eventType>ERROR</eventType>
   </evtMap>
   <evtMap id="7292">
      <longName>ti.uia.events.UIAErr.floatingPointError</longName>
      <shortName>UIAErr_floatingPointError</shortName>
      <moduleId>32810</moduleId>
      <diagMask>128</diagMask>
      <msg>ERROR%3A+Floating+Point+Error+at+%25%24F.</msg>
      <eventType>ERROR</eventType>
   </evtMap>
   <evtMap id="7328">
      <longName>ti.uia.events.UIAErr.invalidParameter</longName>
      <shortName>UIAErr_invalidParameter</shortName>
      <moduleId>32810</moduleId>
      <diagMask>128</diagMask>
      <msg>ERROR%3A+Invalid+Parameter+at+%25%24F.+[ParamNum]%25d+[ParamValue]0x%25x</msg>
      <eventType>ERROR</eventType>
   </evtMap>
   <evtMap id="7391">
      <longName>ti.uia.events.UIAEvt.warning</longName>
      <shortName>UIAEvt_warning</shortName>
      <moduleId>32811</moduleId>
      <diagMask>128</diagMask>
      <msg>WARNING%3A+EventCode%3A0x%25x</msg>
      <eventType>WARNING</eventType>
   </evtMap>
   <evtMap id="7415">
      <longName>ti.uia.events.UIAEvt.warningWithStr</longName>
      <shortName>UIAEvt_warningWithStr</shortName>
      <moduleId>32811</moduleId>
      <diagMask>128</diagMask>
      <msg>WARNING%3A+EventCode%3A0x%25x.+%25%24S</msg>
      <eventType>WARNING</eventType>
   </evtMap>
   <evtMap id="7444">
      <longName>ti.uia.events.UIAEvt.info</longName>
      <shortName>UIAEvt_info</shortName>
      <moduleId>32811</moduleId>
      <diagMask>16384</diagMask>
      <msg>INFO%3A+EventCode%3A+0x%25x</msg>
      <eventType>INFO</eventType>
   </evtMap>
   <evtMap id="7466">
      <longName>ti.uia.events.UIAEvt.infoWithStr</longName>
      <shortName>UIAEvt_infoWithStr</shortName>
      <moduleId>32811</moduleId>
      <diagMask>16384</diagMask>
      <msg>INFO%3A+EventCode%3A0x%25x.++%25%24S</msg>
      <eventType>INFO</eventType>
   </evtMap>
   <evtMap id="7493">
      <longName>ti.uia.events.UIAEvt.detail</longName>
      <shortName>UIAEvt_detail</shortName>
      <moduleId>32811</moduleId>
      <diagMask>16384</diagMask>
      <msg>DETAIL%3A+EventCode%3A0x%25x</msg>
      <eventType>DETAILS</eventType>
   </evtMap>
   <evtMap id="7516">
      <longName>ti.uia.events.UIAEvt.detailWithStr</longName>
      <shortName>UIAEvt_detailWithStr</shortName>
      <moduleId>32811</moduleId>
      <diagMask>16384</diagMask>
      <msg>DETAIL%3A+EventCode%3A0x%25x.++%25%24S</msg>
      <eventType>DETAILS</eventType>
   </evtMap>
   <evtMap id="7545">
      <longName>ti.uia.events.UIAEvt.intWithKey</longName>
      <shortName>UIAEvt_intWithKey</shortName>
      <moduleId>32811</moduleId>
      <diagMask>32768</diagMask>
      <msg>VALUE%3D%25d+%28AuxData%3D%25d%2C+%25d%29+Key%3A%25%24S</msg>
      <eventType>ANALYSIS</eventType>
      <dvtEventDescriptor name="metaEventIntWithKey">
         <versionId>2.0</versionId>
         <analysisType>ti.uia.events.DvtTypes.DvtAnalysisType_STATISTIC</analysisType>
         <displayText>intWithKey</displayText>
         <tooltipText>Value with a key string</tooltipText>
         <isMultiEventRecordItem>false</isMultiEventRecordItem>
         <numParameters>4</numParameters>
         <parameter index="0">
            <name>value</name>
            <dvtDataDesc>ti.uia.events.DvtTypes.DvtDataDesc_VALUE</dvtDataDesc>
            <dataTypeName>Int</dataTypeName>
            <units>none</units>
            <isHidden>false</isHidden>
         </parameter>
         <parameter index="1">
            <name>aux1</name>
            <dvtDataDesc>ti.uia.events.DvtTypes.DvtDataDesc_VALUE</dvtDataDesc>
            <dataTypeName>Int</dataTypeName>
            <units>none</units>
            <isHidden>false</isHidden>
         </parameter>
         <parameter index="2">
            <name>aux2</name>
            <dvtDataDesc>ti.uia.events.DvtTypes.DvtDataDesc_VALUE</dvtDataDesc>
            <dataTypeName>Int</dataTypeName>
            <units>none</units>
            <isHidden>false</isHidden>
         </parameter>
         <parameter index="3">
            <name>key</name>
            <dvtDataDesc>ti.uia.events.DvtTypes.DvtDataDesc_FMTSTR</dvtDataDesc>
            <dataTypeName>String</dataTypeName>
            <units>none</units>
            <isHidden>false</isHidden>
         </parameter>
      </dvtEventDescriptor>
   </evtMap>
   <evtMap id="7579">
      <longName>ti.uia.loggers.LoggerStopMode.L_test</longName>
      <shortName>LoggerStopMode_L_test</shortName>
      <moduleId>32828</moduleId>
      <diagMask>256</diagMask>
      <msg>LoggerStopMode+Test</msg>
   </evtMap>
   <evtMap id="7599">
      <longName>ti.sysbios.utils.Load.LS_cpuLoad</longName>
      <shortName>Load_LS_cpuLoad</shortName>
      <moduleId>32830</moduleId>
      <diagMask>2048</diagMask>
      <msg>LS_cpuLoad%3A+%25d%25%25</msg>
   </evtMap>
   <evtMap id="7616">
      <longName>ti.sysbios.utils.Load.LS_hwiLoad</longName>
      <shortName>Load_LS_hwiLoad</shortName>
      <moduleId>32830</moduleId>
      <diagMask>2048</diagMask>
      <msg>LS_hwiLoad%3A+%25d%2C%25d</msg>
   </evtMap>
   <evtMap id="7634">
      <longName>ti.sysbios.utils.Load.LS_swiLoad</longName>
      <shortName>Load_LS_swiLoad</shortName>
      <moduleId>32830</moduleId>
      <diagMask>2048</diagMask>
      <msg>LS_swiLoad%3A+%25d%2C%25d</msg>
   </evtMap>
   <evtMap id="7652">
      <longName>ti.sysbios.utils.Load.LS_taskLoad</longName>
      <shortName>Load_LS_taskLoad</shortName>
      <moduleId>32830</moduleId>
      <diagMask>2048</diagMask>
      <msg>LS_taskLoad%3A+0x%25x%2C%25d%2C%25d%2C0x%25x</msg>
   </evtMap>
   <modIdMap id="32770">
      <moduleName>xdc.runtime.Assert</moduleName>
      <packageVersion>2,1,0,0</packageVersion>
      <packageBase>C:/ti/ccs1100/xdctools_3_62_01_16_core/packages/xdc/runtime/</packageBase>
      <cFileName>Assert.c</cFileName>
   </modIdMap>
   <modIdMap id="32771">
      <moduleName>xdc.runtime.Core</moduleName>
      <packageVersion>2,1,0,0</packageVersion>
      <packageBase>C:/ti/ccs1100/xdctools_3_62_01_16_core/packages/xdc/runtime/</packageBase>
      <cFileName>null</cFileName>
   </modIdMap>
   <modIdMap id="32772">
      <moduleName>xdc.runtime.Defaults</moduleName>
      <packageVersion>2,1,0,0</packageVersion>
      <packageBase>C:/ti/ccs1100/xdctools_3_62_01_16_core/packages/xdc/runtime/</packageBase>
      <cFileName>null</cFileName>
   </modIdMap>
   <modIdMap id="32773">
      <moduleName>xdc.runtime.Diags</moduleName>
      <packageVersion>2,1,0,0</packageVersion>
      <packageBase>C:/ti/ccs1100/xdctools_3_62_01_16_core/packages/xdc/runtime/</packageBase>
      <cFileName>Diags.c</cFileName>
   </modIdMap>
   <modIdMap id="32774">
      <moduleName>xdc.runtime.Error</moduleName>
      <packageVersion>2,1,0,0</packageVersion>
      <packageBase>C:/ti/ccs1100/xdctools_3_62_01_16_core/packages/xdc/runtime/</packageBase>
      <cFileName>Error.c</cFileName>
   </modIdMap>
   <modIdMap id="32775">
      <moduleName>xdc.runtime.Gate</moduleName>
      <packageVersion>2,1,0,0</packageVersion>
      <packageBase>C:/ti/ccs1100/xdctools_3_62_01_16_core/packages/xdc/runtime/</packageBase>
      <cFileName>Gate.c</cFileName>
   </modIdMap>
   <modIdMap id="32776">
      <moduleName>xdc.runtime.Log</moduleName>
      <packageVersion>2,1,0,0</packageVersion>
      <packageBase>C:/ti/ccs1100/xdctools_3_62_01_16_core/packages/xdc/runtime/</packageBase>
      <cFileName>Log.c</cFileName>
   </modIdMap>
   <modIdMap id="32777">
      <moduleName>xdc.runtime.Main</moduleName>
      <packageVersion>2,1,0,0</packageVersion>
      <packageBase>C:/ti/ccs1100/xdctools_3_62_01_16_core/packages/xdc/runtime/</packageBase>
      <cFileName>null</cFileName>
   </modIdMap>
   <modIdMap id="32778">
      <moduleName>xdc.runtime.Memory</moduleName>
      <packageVersion>2,1,0,0</packageVersion>
      <packageBase>C:/ti/ccs1100/xdctools_3_62_01_16_core/packages/xdc/runtime/</packageBase>
      <cFileName>Memory.c</cFileName>
   </modIdMap>
   <modIdMap id="32779">
      <moduleName>xdc.runtime.Registry</moduleName>
      <packageVersion>2,1,0,0</packageVersion>
      <packageBase>C:/ti/ccs1100/xdctools_3_62_01_16_core/packages/xdc/runtime/</packageBase>
      <cFileName>Registry.c</cFileName>
   </modIdMap>
   <modIdMap id="32780">
      <moduleName>xdc.runtime.Startup</moduleName>
      <packageVersion>2,1,0,0</packageVersion>
      <packageBase>C:/ti/ccs1100/xdctools_3_62_01_16_core/packages/xdc/runtime/</packageBase>
      <cFileName>Startup.c</cFileName>
   </modIdMap>
   <modIdMap id="32781">
      <moduleName>xdc.runtime.System</moduleName>
      <packageVersion>2,1,0,0</packageVersion>
      <packageBase>C:/ti/ccs1100/xdctools_3_62_01_16_core/packages/xdc/runtime/</packageBase>
      <cFileName>System.c</cFileName>
   </modIdMap>
   <modIdMap id="32782">
      <moduleName>xdc.runtime.SysMin</moduleName>
      <packageVersion>2,1,0,0</packageVersion>
      <packageBase>C:/ti/ccs1100/xdctools_3_62_01_16_core/packages/xdc/runtime/</packageBase>
      <cFileName>SysMin.c</cFileName>
   </modIdMap>
   <modIdMap id="32783">
      <moduleName>xdc.runtime.Text</moduleName>
      <packageVersion>2,1,0,0</packageVersion>
      <packageBase>C:/ti/ccs1100/xdctools_3_62_01_16_core/packages/xdc/runtime/</packageBase>
      <cFileName>Text.c</cFileName>
   </modIdMap>
   <modIdMap id="32784">
      <moduleName>xdc.runtime.Timestamp</moduleName>
      <packageVersion>2,1,0,0</packageVersion>
      <packageBase>C:/ti/ccs1100/xdctools_3_62_01_16_core/packages/xdc/runtime/</packageBase>
      <cFileName>Timestamp.c</cFileName>
   </modIdMap>
   <modIdMap id="32785">
      <moduleName>xdc.runtime.TimestampNull</moduleName>
      <packageVersion>2,1,0,0</packageVersion>
      <packageBase>C:/ti/ccs1100/xdctools_3_62_01_16_core/packages/xdc/runtime/</packageBase>
      <cFileName>TimestampNull.c</cFileName>
   </modIdMap>
   <modIdMap id="32786">
      <moduleName>xdc.runtime.Types</moduleName>
      <packageVersion>2,1,0,0</packageVersion>
      <packageBase>C:/ti/ccs1100/xdctools_3_62_01_16_core/packages/xdc/runtime/</packageBase>
      <cFileName>null</cFileName>
   </modIdMap>
   <modIdMap id="1">
      <moduleName>xdc.runtime.Main_Module_GateProxy</moduleName>
      <packageVersion>2,1,0,0</packageVersion>
      <packageBase>C:/ti/ccs1100/xdctools_3_62_01_16_core/packages/xdc/runtime/</packageBase>
      <cFileName>null</cFileName>
   </modIdMap>
   <modIdMap id="2">
      <moduleName>xdc.runtime.Memory_HeapProxy</moduleName>
      <packageVersion>2,1,0,0</packageVersion>
      <packageBase>C:/ti/ccs1100/xdctools_3_62_01_16_core/packages/xdc/runtime/</packageBase>
      <cFileName>null</cFileName>
   </modIdMap>
   <modIdMap id="3">
      <moduleName>xdc.runtime.System_SupportProxy</moduleName>
      <packageVersion>2,1,0,0</packageVersion>
      <packageBase>C:/ti/ccs1100/xdctools_3_62_01_16_core/packages/xdc/runtime/</packageBase>
      <cFileName>null</cFileName>
   </modIdMap>
   <modIdMap id="4">
      <moduleName>xdc.runtime.System_Module_GateProxy</moduleName>
      <packageVersion>2,1,0,0</packageVersion>
      <packageBase>C:/ti/ccs1100/xdctools_3_62_01_16_core/packages/xdc/runtime/</packageBase>
      <cFileName>null</cFileName>
   </modIdMap>
   <modIdMap id="5">
      <moduleName>xdc.runtime.Timestamp_SupportProxy</moduleName>
      <packageVersion>2,1,0,0</packageVersion>
      <packageBase>C:/ti/ccs1100/xdctools_3_62_01_16_core/packages/xdc/runtime/</packageBase>
      <cFileName>null</cFileName>
   </modIdMap>
   <modIdMap id="32790">
      <moduleName>ti.sysbios.family.c64p.Exception</moduleName>
      <packageVersion>2,0,0,0,0</packageVersion>
      <packageBase>C:/ti/bios_6_76_03_01/packages/ti/sysbios/family/c64p/</packageBase>
      <cFileName>Exception.c</cFileName>
   </modIdMap>
   <modIdMap id="32791">
      <moduleName>ti.sysbios.family.c64p.Hwi</moduleName>
      <packageVersion>2,0,0,0,0</packageVersion>
      <packageBase>C:/ti/bios_6_76_03_01/packages/ti/sysbios/family/c64p/</packageBase>
      <cFileName>Hwi.c</cFileName>
   </modIdMap>
   <modIdMap id="32792">
      <moduleName>ti.sysbios.family.c64p.TimestampProvider</moduleName>
      <packageVersion>2,0,0,0,0</packageVersion>
      <packageBase>C:/ti/bios_6_76_03_01/packages/ti/sysbios/family/c64p/</packageBase>
      <cFileName>TimestampProvider.c</cFileName>
   </modIdMap>
   <modIdMap id="32793">
      <moduleName>ti.sysbios.family.c64p.Cache</moduleName>
      <packageVersion>2,0,0,0,0</packageVersion>
      <packageBase>C:/ti/bios_6_76_03_01/packages/ti/sysbios/family/c64p/</packageBase>
      <cFileName>Cache.c</cFileName>
   </modIdMap>
   <modIdMap id="32794">
      <moduleName>ti.sysbios.BIOS</moduleName>
      <packageVersion>2,0,0,0,0</packageVersion>
      <packageBase>C:/ti/bios_6_76_03_01/packages/ti/sysbios/</packageBase>
      <cFileName>BIOS.c</cFileName>
   </modIdMap>
   <modIdMap id="6">
      <moduleName>ti.sysbios.BIOS_RtsGateProxy</moduleName>
      <packageVersion>2,0,0,0,0</packageVersion>
      <packageBase>C:/ti/bios_6_76_03_01/packages/ti/sysbios/</packageBase>
      <cFileName>null</cFileName>
   </modIdMap>
   <modIdMap id="32796">
      <moduleName>ti.sysbios.knl.Clock</moduleName>
      <packageVersion>2,0,0,0,0</packageVersion>
      <packageBase>C:/ti/bios_6_76_03_01/packages/ti/sysbios/knl/</packageBase>
      <cFileName>Clock.c</cFileName>
   </modIdMap>
   <modIdMap id="32797">
      <moduleName>ti.sysbios.knl.Idle</moduleName>
      <packageVersion>2,0,0,0,0</packageVersion>
      <packageBase>C:/ti/bios_6_76_03_01/packages/ti/sysbios/knl/</packageBase>
      <cFileName>Idle.c</cFileName>
   </modIdMap>
   <modIdMap id="32798">
      <moduleName>ti.sysbios.knl.Intrinsics</moduleName>
      <packageVersion>2,0,0,0,0</packageVersion>
      <packageBase>C:/ti/bios_6_76_03_01/packages/ti/sysbios/knl/</packageBase>
      <cFileName>Intrinsics.c</cFileName>
   </modIdMap>
   <modIdMap id="32799">
      <moduleName>ti.sysbios.knl.Event</moduleName>
      <packageVersion>2,0,0,0,0</packageVersion>
      <packageBase>C:/ti/bios_6_76_03_01/packages/ti/sysbios/knl/</packageBase>
      <cFileName>Event.c</cFileName>
   </modIdMap>
   <modIdMap id="32800">
      <moduleName>ti.sysbios.knl.Queue</moduleName>
      <packageVersion>2,0,0,0,0</packageVersion>
      <packageBase>C:/ti/bios_6_76_03_01/packages/ti/sysbios/knl/</packageBase>
      <cFileName>Queue.c</cFileName>
   </modIdMap>
   <modIdMap id="32801">
      <moduleName>ti.sysbios.knl.Semaphore</moduleName>
      <packageVersion>2,0,0,0,0</packageVersion>
      <packageBase>C:/ti/bios_6_76_03_01/packages/ti/sysbios/knl/</packageBase>
      <cFileName>Semaphore.c</cFileName>
   </modIdMap>
   <modIdMap id="32802">
      <moduleName>ti.sysbios.knl.Swi</moduleName>
      <packageVersion>2,0,0,0,0</packageVersion>
      <packageBase>C:/ti/bios_6_76_03_01/packages/ti/sysbios/knl/</packageBase>
      <cFileName>Swi.c</cFileName>
   </modIdMap>
   <modIdMap id="32803">
      <moduleName>ti.sysbios.knl.Task</moduleName>
      <packageVersion>2,0,0,0,0</packageVersion>
      <packageBase>C:/ti/bios_6_76_03_01/packages/ti/sysbios/knl/</packageBase>
      <cFileName>Task.c</cFileName>
   </modIdMap>
   <modIdMap id="7">
      <moduleName>ti.sysbios.knl.Clock_TimerProxy</moduleName>
      <packageVersion>2,0,0,0,0</packageVersion>
      <packageBase>C:/ti/bios_6_76_03_01/packages/ti/sysbios/knl/</packageBase>
      <cFileName>null</cFileName>
   </modIdMap>
   <modIdMap id="8">
      <moduleName>ti.sysbios.knl.Intrinsics_SupportProxy</moduleName>
      <packageVersion>2,0,0,0,0</packageVersion>
      <packageBase>C:/ti/bios_6_76_03_01/packages/ti/sysbios/knl/</packageBase>
      <cFileName>null</cFileName>
   </modIdMap>
   <modIdMap id="9">
      <moduleName>ti.sysbios.knl.Task_SupportProxy</moduleName>
      <packageVersion>2,0,0,0,0</packageVersion>
      <packageBase>C:/ti/bios_6_76_03_01/packages/ti/sysbios/knl/</packageBase>
      <cFileName>null</cFileName>
   </modIdMap>
   <modIdMap id="32805">
      <moduleName>ti.sysbios.hal.Hwi</moduleName>
      <packageVersion>2,0,0,0,0</packageVersion>
      <packageBase>C:/ti/bios_6_76_03_01/packages/ti/sysbios/hal/</packageBase>
      <cFileName>Hwi.c</cFileName>
   </modIdMap>
   <modIdMap id="32806">
      <moduleName>ti.sysbios.hal.Timer</moduleName>
      <packageVersion>2,0,0,0,0</packageVersion>
      <packageBase>C:/ti/bios_6_76_03_01/packages/ti/sysbios/hal/</packageBase>
      <cFileName>Timer.c</cFileName>
   </modIdMap>
   <modIdMap id="10">
      <moduleName>ti.sysbios.hal.Hwi_HwiProxy</moduleName>
      <packageVersion>2,0,0,0,0</packageVersion>
      <packageBase>C:/ti/bios_6_76_03_01/packages/ti/sysbios/hal/</packageBase>
      <cFileName>null</cFileName>
   </modIdMap>
   <modIdMap id="11">
      <moduleName>ti.sysbios.hal.Timer_TimerProxy</moduleName>
      <packageVersion>2,0,0,0,0</packageVersion>
      <packageBase>C:/ti/bios_6_76_03_01/packages/ti/sysbios/hal/</packageBase>
      <cFileName>null</cFileName>
   </modIdMap>
   <modIdMap id="32809">
      <moduleName>ti.uia.events.DvtTypes</moduleName>
      <packageVersion>1,0,0,2,0</packageVersion>
      <packageBase>C:/ti/uia_2_30_01_02/packages/ti/uia/events/</packageBase>
      <cFileName>null</cFileName>
   </modIdMap>
   <modIdMap id="32810">
      <moduleName>ti.uia.events.UIAErr</moduleName>
      <packageVersion>1,0,0,2,0</packageVersion>
      <packageBase>C:/ti/uia_2_30_01_02/packages/ti/uia/events/</packageBase>
      <cFileName>null</cFileName>
   </modIdMap>
   <modIdMap id="32811">
      <moduleName>ti.uia.events.UIAEvt</moduleName>
      <packageVersion>1,0,0,2,0</packageVersion>
      <packageBase>C:/ti/uia_2_30_01_02/packages/ti/uia/events/</packageBase>
      <cFileName>null</cFileName>
   </modIdMap>
   <modIdMap id="32813">
      <moduleName>ti.uia.runtime.EventHdr</moduleName>
      <packageVersion>1,0,0,2,0</packageVersion>
      <packageBase>C:/ti/uia_2_30_01_02/packages/ti/uia/runtime/</packageBase>
      <cFileName>null</cFileName>
   </modIdMap>
   <modIdMap id="32814">
      <moduleName>ti.uia.runtime.QueueDescriptor</moduleName>
      <packageVersion>1,0,0,2,0</packageVersion>
      <packageBase>C:/ti/uia_2_30_01_02/packages/ti/uia/runtime/</packageBase>
      <cFileName>QueueDescriptor.c</cFileName>
   </modIdMap>
   <modIdMap id="32815">
      <moduleName>ti.uia.runtime.UIAMetaData</moduleName>
      <packageVersion>1,0,0,2,0</packageVersion>
      <packageBase>C:/ti/uia_2_30_01_02/packages/ti/uia/runtime/</packageBase>
      <cFileName>null</cFileName>
   </modIdMap>
   <modIdMap id="32818">
      <moduleName>ti.sysbios.rts.ti.ThreadLocalStorage</moduleName>
      <packageVersion>1,0,0,0,1601763860975</packageVersion>
      <packageBase>C:/ti/bios_6_76_03_01/packages/ti/sysbios/rts/ti/</packageBase>
      <cFileName>ThreadLocalStorage.c</cFileName>
   </modIdMap>
   <modIdMap id="32820">
      <moduleName>ti.sysbios.family.c62.TaskSupport</moduleName>
      <packageVersion>2,0,0,0,1601763860975</packageVersion>
      <packageBase>C:/ti/bios_6_76_03_01/packages/ti/sysbios/family/c62/</packageBase>
      <cFileName>TaskSupport.c</cFileName>
   </modIdMap>
   <modIdMap id="32821">
      <moduleName>ti.sysbios.family.c62.IntrinsicsSupport</moduleName>
      <packageVersion>2,0,0,0,1601763860975</packageVersion>
      <packageBase>C:/ti/bios_6_76_03_01/packages/ti/sysbios/family/c62/</packageBase>
      <cFileName>IntrinsicsSupport.c</cFileName>
   </modIdMap>
   <modIdMap id="32823">
      <moduleName>ti.sysbios.gates.GateHwi</moduleName>
      <packageVersion>2,0,0,0,1601763860975</packageVersion>
      <packageBase>C:/ti/bios_6_76_03_01/packages/ti/sysbios/gates/</packageBase>
      <cFileName>GateHwi.c</cFileName>
   </modIdMap>
   <modIdMap id="32824">
      <moduleName>ti.sysbios.gates.GateMutex</moduleName>
      <packageVersion>2,0,0,0,1601763860975</packageVersion>
      <packageBase>C:/ti/bios_6_76_03_01/packages/ti/sysbios/gates/</packageBase>
      <cFileName>GateMutex.c</cFileName>
   </modIdMap>
   <modIdMap id="32826">
      <moduleName>ti.sysbios.heaps.HeapMem</moduleName>
      <packageVersion>2,0,0,0,1601763860975</packageVersion>
      <packageBase>C:/ti/bios_6_76_03_01/packages/ti/sysbios/heaps/</packageBase>
      <cFileName>HeapMem.c</cFileName>
   </modIdMap>
   <modIdMap id="12">
      <moduleName>ti.sysbios.heaps.HeapMem_Module_GateProxy</moduleName>
      <packageVersion>2,0,0,0,1601763860975</packageVersion>
      <packageBase>C:/ti/bios_6_76_03_01/packages/ti/sysbios/heaps/</packageBase>
      <cFileName>null</cFileName>
   </modIdMap>
   <modIdMap id="32828">
      <moduleName>ti.uia.loggers.LoggerStopMode</moduleName>
      <packageVersion>1,0,0,2,1601763860975</packageVersion>
      <packageBase>C:/ti/uia_2_30_01_02/packages/ti/uia/loggers/</packageBase>
      <cFileName>LoggerStopMode.c</cFileName>
   </modIdMap>
   <modIdMap id="32830">
      <moduleName>ti.sysbios.utils.Load</moduleName>
      <packageVersion>2,0,0,0,1601763860975</packageVersion>
      <packageBase>C:/ti/bios_6_76_03_01/packages/ti/sysbios/utils/</packageBase>
      <cFileName>Load.c</cFileName>
   </modIdMap>
   <modIdMap id="32833">
      <moduleName>ti.sysbios.timers.timer64.Timer</moduleName>
      <packageVersion>2,0,0,0,1601763860975</packageVersion>
      <packageBase>C:/ti/bios_6_76_03_01/packages/ti/sysbios/timers/timer64/</packageBase>
      <cFileName>Timer.c</cFileName>
   </modIdMap>
   <modIdMap id="13">
      <moduleName>ti.sysbios.timers.timer64.Timer_TimerSupportProxy</moduleName>
      <packageVersion>2,0,0,0,1601763860975</packageVersion>
      <packageBase>C:/ti/bios_6_76_03_01/packages/ti/sysbios/timers/timer64/</packageBase>
      <cFileName>null</cFileName>
   </modIdMap>
   <modIdMap id="32835">
      <moduleName>ti.sysbios.family.c64p.primus.TimerSupport</moduleName>
      <packageVersion>2,0,0,0,1601763860975</packageVersion>
      <packageBase>C:/ti/bios_6_76_03_01/packages/ti/sysbios/family/c64p/primus/</packageBase>
      <cFileName>TimerSupport.c</cFileName>
   </modIdMap>
   <transport2>
      <uploadMode>JTAGSTOPMODE</uploadMode>
      <isMultiCoreTransport>false</isMultiCoreTransport>
      <supportControl>false</supportControl>
      <format>UIAPACKET</format>
      <transportType>JTAGSTOPMODE</transportType>
   </transport2>
   <transport>
   <!-- This tag must be here for DVT to work. All data is in transport2 -->
   </transport>
   <services>
   </services>
   <LoggingSetupConfig>
      <!-- System Analyzer Event Sources -->
      <SystemAnalyzerEventSources>
         <RTOS_Execution_Analysis>true</RTOS_Execution_Analysis>
         <RTOS_Execution_Analysis_Caption> </RTOS_Execution_Analysis_Caption>
         <RTOS_Load_Analysis>true</RTOS_Load_Analysis>
         <RTOS_Load_Analysis_Caption> </RTOS_Load_Analysis_Caption>
         <Context_Aware_Function_Profiler>false</Context_Aware_Function_Profiler>
         <Context_Aware_Function_Profiler_Caption>Enable &quot;Context-Aware Function Profiler&quot;</Context_Aware_Function_Profiler_Caption>
         <Task_Profiler>false</Task_Profiler>
         <Task_Profiler_Caption>Enable &quot;Task Profiler&quot;</Task_Profiler_Caption>
         <EWIP_Events>true</EWIP_Events>
         <EWIP_Events_Caption> </EWIP_Events_Caption>
         <Benchmarking>false</Benchmarking>
         <Benchmarking_Caption>Enable &quot;Benchmarking&quot;</Benchmarking_Caption>
         <Counting_and_Graphing>false</Counting_and_Graphing>
         <Counting_and_Graphing_Caption>Enable &quot;Counting and Graphing&quot;</Counting_and_Graphing_Caption>
         <Snapshot_Events>false</Snapshot_Events>
         <Snapshot_Events_Caption>Enable &quot;Snapshot Events&quot;</Snapshot_Events_Caption>
         <Multicore_Event_Correlation>false</Multicore_Event_Correlation>
         <Multicore_Event_Correlation_Caption>Enable &quot;Multicore Event Correlation&quot;</Multicore_Event_Correlation_Caption>
         <Task_Context>true</Task_Context>
         <Task_Context_Caption> </Task_Context_Caption>
         <HWI_Context>false</HWI_Context>
         <HWI_Context_Caption>Enable &quot;RTOS Execution Analysis&quot; - &quot;Hwi&quot;</HWI_Context_Caption>
         <SWI_Context>false</SWI_Context>
         <SWI_Context_Caption>Enable &quot;RTOS Execution Analysis&quot; - &quot;Swi&quot;</SWI_Context_Caption>
         <Semaphores>false</Semaphores>
         <Semaphores_Caption>Enable &quot;RTOS Execution Analysis&quot; - &quot;Semaphores&quot;</Semaphores_Caption>
         <CPU_Load>true</CPU_Load>
         <CPU_Load_Caption> </CPU_Load_Caption>
         <Task_Load>true</Task_Load>
         <Task_Load_Caption> </Task_Load_Caption>
         <HWI_Load>true</HWI_Load>
         <HWI_Load_Caption> </HWI_Load_Caption>
         <SWI_Load>true</SWI_Load>
         <SWI_Load_Caption> </SWI_Load_Caption>
      </SystemAnalyzerEventSources>
      <!-- User-friendly buffer names (aligned with LoggingSetup.xml captions) -->
      <BufferNames>
         <logger name="Load Logger">Load Logger Events Buffer</logger>
         <logger name="Main Logger">Main Logger Events Buffer</logger>
         <logger name="SYSBIOS System Logger">SYSBIOS System Logger Events Buffer</logger>
      </BufferNames>
      <mainLogger>
         <instance>ti.uia.loggers.LoggerStopMode.Instance#1</instance>
         <name>Main Logger</name>
         <sizeInMAUs>0</sizeInMAUs>
         <numCores>1</numCores>
      </mainLogger>
      <loadLogger>
         <instance>ti.uia.loggers.LoggerStopMode.Instance#0</instance>
         <name>Load Logger</name>
         <sizeInMAUs>0</sizeInMAUs>
         <numCores>1</numCores>
      </loadLogger>
      <taskLogger>
         <instance>ti.uia.loggers.LoggerStopMode.Instance#2</instance>
         <name>SYSBIOS System Logger</name>
         <sizeInMAUs>0</sizeInMAUs>
         <numCores>1</numCores>
      </taskLogger>
      <hwiLogger>
         <instance>null</instance>
         <name>null</name>
      </hwiLogger>
      <swiLogger>
         <instance>null</instance>
         <name>null</name>
      </swiLogger>
      <semaphoreLogger>
         <instance>null</instance>
         <name>null</name>
      </semaphoreLogger>
      <eventLogger>
         <instance>ti.uia.loggers.LoggerStopMode.Instance#2</instance>
         <name>SYSBIOS System Logger</name>
         <sizeInMAUs>0</sizeInMAUs>
         <numCores>1</numCores>
      </eventLogger>
      <syncLogger>
         <instance>null</instance>
         <name>null</name>
      </syncLogger>
      <!-- transportType enumeration values -->
      <TransportTypeEnum>
         <Name Value="0">JTAG_STOPMODE</Name>
         <Name Value="1">JTAG_RUNMODE</Name>
         <Name Value="3">SERIAL</Name>
         <Name Value="4">ETHERNET</Name>
         <Name Value="5">USER</Name>
         <Name Value="6">NONE</Name>
      </TransportTypeEnum>
   </LoggingSetupConfig>
   <!-- CPU Clock settings for OMAPL138 c6000 device. -->
   <cpuClock>
      <maxClockFreqMSW>0</maxClockFreqMSW>
      <maxClockFreqLSW>300000000</maxClockFreqLSW>
      <canFrequencyBeChanged>false</canFrequencyBeChanged>
   </cpuClock>
   <eventCorrelation>
      <isEnabled>false</isEnabled>
      <cpuTimestamp>
         <!-- c6000 device uses an internal timestamp -->
         <maxTimerFreqMSW>0</maxTimerFreqMSW>
         <maxTimerFreqLSW>300000000</maxTimerFreqLSW>
         <cyclesPerTick>1</cyclesPerTick>
      </cpuTimestamp>
   </eventCorrelation>
</uiaEventData>