<?xml version="1.0" encoding="ISO-8859-1" ?>
<link_info>
   <banner>TMS320C6x Linker PC v8.3.11</banner>
   <copyright>Copyright (c) 1996-2018 Texas Instruments Incorporated</copyright>
   <link_time>0x660ebd96</link_time>
   <link_errors>0x0</link_errors>
   <output_file>main.out</output_file>
   <entry_point>
      <name>_c_int00</name>
      <address>0x80000ce0</address>
   </entry_point>
   <input_file_list>
      <input_file id="fl-2">
         <path>.\</path>
         <kind>object</kind>
         <file>main.obj</file>
         <name>main.obj</name>
      </input_file>
      <input_file id="fl-6">
         <kind>object</kind>
         <file>&lt;internal&gt;</file>
         <name>&lt;internal&gt;</name>
      </input_file>
      <input_file id="fl-20">
         <path>C:\ti\ccs1100\ccs\tools\compiler\ti-cgt-c6000_8.3.11\lib\</path>
         <kind>archive</kind>
         <file>rts6740_elf.lib</file>
         <name>boot.c.obj</name>
      </input_file>
      <input_file id="fl-21">
         <path>C:\ti\ccs1100\ccs\tools\compiler\ti-cgt-c6000_8.3.11\lib\</path>
         <kind>archive</kind>
         <file>rts6740_elf.lib</file>
         <name>autoinit.c.obj</name>
      </input_file>
      <input_file id="fl-22">
         <path>C:\ti\ccs1100\ccs\tools\compiler\ti-cgt-c6000_8.3.11\lib\</path>
         <kind>archive</kind>
         <file>rts6740_elf.lib</file>
         <name>pre_init.c.obj</name>
      </input_file>
      <input_file id="fl-23">
         <path>C:\ti\ccs1100\ccs\tools\compiler\ti-cgt-c6000_8.3.11\lib\</path>
         <kind>archive</kind>
         <file>rts6740_elf.lib</file>
         <name>startup.c.obj</name>
      </input_file>
      <input_file id="fl-24">
         <path>C:\ti\ccs1100\ccs\tools\compiler\ti-cgt-c6000_8.3.11\lib\</path>
         <kind>archive</kind>
         <file>rts6740_elf.lib</file>
         <name>cpy_tbl.c.obj</name>
      </input_file>
      <input_file id="fl-25">
         <path>C:\ti\ccs1100\ccs\tools\compiler\ti-cgt-c6000_8.3.11\lib\</path>
         <kind>archive</kind>
         <file>rts6740_elf.lib</file>
         <name>copy_zero_init.c.obj</name>
      </input_file>
      <input_file id="fl-26">
         <path>C:\ti\ccs1100\ccs\tools\compiler\ti-cgt-c6000_8.3.11\lib\</path>
         <kind>archive</kind>
         <file>rts6740_elf.lib</file>
         <name>copy_decompress_none.c.obj</name>
      </input_file>
      <input_file id="fl-27">
         <path>C:\ti\ccs1100\ccs\tools\compiler\ti-cgt-c6000_8.3.11\lib\</path>
         <kind>archive</kind>
         <file>rts6740_elf.lib</file>
         <name>copy_decompress_rle.c.obj</name>
      </input_file>
      <input_file id="fl-28">
         <path>C:\ti\ccs1100\ccs\tools\compiler\ti-cgt-c6000_8.3.11\lib\</path>
         <kind>archive</kind>
         <file>rts6740_elf.lib</file>
         <name>tls.c.obj</name>
      </input_file>
      <input_file id="fl-29">
         <path>C:\ti\ccs1100\ccs\tools\compiler\ti-cgt-c6000_8.3.11\lib\</path>
         <kind>archive</kind>
         <file>rts6740_elf.lib</file>
         <name>exit.c.obj</name>
      </input_file>
      <input_file id="fl-2a">
         <path>C:\ti\ccs1100\ccs\tools\compiler\ti-cgt-c6000_8.3.11\lib\</path>
         <kind>archive</kind>
         <file>rts6740_elf.lib</file>
         <name>args_main.c.obj</name>
      </input_file>
      <input_file id="fl-2b">
         <path>C:\ti\ccs1100\ccs\tools\compiler\ti-cgt-c6000_8.3.11\lib\</path>
         <kind>archive</kind>
         <file>rts6740_elf.lib</file>
         <name>tls_get_tp.asm.obj</name>
      </input_file>
      <input_file id="fl-2c">
         <path>C:\ti\ccs1100\ccs\tools\compiler\ti-cgt-c6000_8.3.11\lib\</path>
         <kind>archive</kind>
         <file>rts6740_elf.lib</file>
         <name>memcpy64.asm.obj</name>
      </input_file>
      <input_file id="fl-2d">
         <path>C:\ti\ccs1100\ccs\tools\compiler\ti-cgt-c6000_8.3.11\lib\</path>
         <kind>archive</kind>
         <file>rts6740_elf.lib</file>
         <name>memset.c.obj</name>
      </input_file>
   </input_file_list>
   <object_component_list>
      <object_component id="oc-3a">
         <name>.text:__TI_decompress_rle_core</name>
         <load_address>0x80000800</load_address>
         <run_address>0x80000800</run_address>
         <size>0x100</size>
         <input_file_ref idref="fl-27"/>
      </object_component>
      <object_component id="oc-58">
         <name>.text:exit</name>
         <load_address>0x80000900</load_address>
         <run_address>0x80000900</run_address>
         <size>0xe0</size>
         <input_file_ref idref="fl-29"/>
      </object_component>
      <object_component id="oc-76">
         <name>.text:memset</name>
         <load_address>0x800009e0</load_address>
         <run_address>0x800009e0</run_address>
         <size>0xe0</size>
         <input_file_ref idref="fl-2d"/>
      </object_component>
      <object_component id="oc-9e">
         <name>.text:__TI_auto_init_nobinit_nopinit:__TI_auto_init_nobinit_nopinit</name>
         <load_address>0x80000ac0</load_address>
         <run_address>0x80000ac0</run_address>
         <size>0xc0</size>
         <input_file_ref idref="fl-21"/>
      </object_component>
      <object_component id="oc-f2">
         <name>.text:tls:init:__TI_tls_init</name>
         <load_address>0x80000b80</load_address>
         <run_address>0x80000b80</run_address>
         <size>0xc0</size>
         <input_file_ref idref="fl-28"/>
      </object_component>
      <object_component id="oc-2e">
         <name>.text:memcpy</name>
         <load_address>0x80000c40</load_address>
         <run_address>0x80000c40</run_address>
         <size>0xa0</size>
         <input_file_ref idref="fl-2c"/>
      </object_component>
      <object_component id="oc-25">
         <name>.text:_c_int00</name>
         <load_address>0x80000ce0</load_address>
         <run_address>0x80000ce0</run_address>
         <size>0x80</size>
         <input_file_ref idref="fl-20"/>
      </object_component>
      <object_component id="oc-52">
         <name>.text:_args_main</name>
         <load_address>0x80000d60</load_address>
         <run_address>0x80000d60</run_address>
         <size>0x40</size>
         <input_file_ref idref="fl-2a"/>
      </object_component>
      <object_component id="oc-ec">
         <name>.text:_system_post_cinit</name>
         <load_address>0x80000da0</load_address>
         <run_address>0x80000da0</run_address>
         <size>0x20</size>
         <input_file_ref idref="fl-23"/>
      </object_component>
      <object_component id="oc-5e">
         <name>.text:_system_pre_init</name>
         <load_address>0x80000dc0</load_address>
         <run_address>0x80000dc0</run_address>
         <size>0x20</size>
         <input_file_ref idref="fl-22"/>
      </object_component>
      <object_component id="oc-95">
         <name>.text:abort</name>
         <load_address>0x80000de0</load_address>
         <run_address>0x80000de0</run_address>
         <size>0x20</size>
         <input_file_ref idref="fl-29"/>
      </object_component>
      <object_component id="oc-18">
         <name>.text:decompress:none:__TI_decompress_none</name>
         <load_address>0x80000e00</load_address>
         <run_address>0x80000e00</run_address>
         <size>0x20</size>
         <input_file_ref idref="fl-26"/>
      </object_component>
      <object_component id="oc-1e">
         <name>.text:decompress:rle24:__TI_decompress_rle24</name>
         <load_address>0x80000e20</load_address>
         <run_address>0x80000e20</run_address>
         <size>0x20</size>
         <input_file_ref idref="fl-27"/>
      </object_component>
      <object_component id="oc-8a">
         <name>.text</name>
         <load_address>0x80000e40</load_address>
         <run_address>0x80000e40</run_address>
         <size>0x20</size>
         <input_file_ref idref="fl-2"/>
      </object_component>
      <object_component id="oc-2b">
         <name>.stack</name>
         <uninitialized>true</uninitialized>
         <run_address>0x80000000</run_address>
         <size>0x8</size>
         <input_file_ref idref="fl-20"/>
      </object_component>
      <object_component id="oc-165">
         <name>.stack</name>
         <uninitialized>true</uninitialized>
         <run_address>0x80000000</run_address>
         <size>0x0</size>
      </object_component>
      <object_component id="oc-164">
         <name>.cinit..fardata.load</name>
         <load_address>0x80000e70</load_address>
         <run_address>0x80000e70</run_address>
         <size>0xd</size>
      </object_component>
      <object_component id="oc-162">
         <name>__TI_handler_table</name>
         <load_address>0x80000e80</load_address>
         <run_address>0x80000e80</run_address>
         <size>0x8</size>
      </object_component>
      <object_component id="oc-163">
         <name>__TI_cinit_table</name>
         <load_address>0x80000e88</load_address>
         <run_address>0x80000e88</run_address>
         <size>0x8</size>
      </object_component>
      <object_component id="oc-92">
         <name>.fardata</name>
         <load_address>0x80000e60</load_address>
         <run_address>0x80000e60</run_address>
         <size>0xc</size>
         <input_file_ref idref="fl-29"/>
      </object_component>
      <object_component id="oc-8e">
         <name>.debug_info</name>
         <load_address>0x0</load_address>
         <run_address>0x0</run_address>
         <size>0xda</size>
         <input_file_ref idref="fl-2"/>
      </object_component>
      <object_component id="oc-71">
         <name>.debug_info</name>
         <load_address>0xda</load_address>
         <run_address>0xda</run_address>
         <size>0xc0</size>
         <input_file_ref idref="fl-2"/>
      </object_component>
      <object_component id="oc-68">
         <name>.debug_info</name>
         <load_address>0x19a</load_address>
         <run_address>0x19a</run_address>
         <size>0x5df</size>
         <input_file_ref idref="fl-20"/>
      </object_component>
      <object_component id="oc-2c">
         <name>.debug_info</name>
         <load_address>0x779</load_address>
         <run_address>0x779</run_address>
         <size>0xf6</size>
         <input_file_ref idref="fl-20"/>
      </object_component>
      <object_component id="oc-27">
         <name>.debug_info</name>
         <load_address>0x86f</load_address>
         <run_address>0x86f</run_address>
         <size>0x183</size>
         <input_file_ref idref="fl-20"/>
      </object_component>
      <object_component id="oc-f9">
         <name>.debug_info</name>
         <load_address>0x9f2</load_address>
         <run_address>0x9f2</run_address>
         <size>0x7c4</size>
         <input_file_ref idref="fl-21"/>
      </object_component>
      <object_component id="oc-a2">
         <name>.debug_info</name>
         <load_address>0x11b6</load_address>
         <run_address>0x11b6</run_address>
         <size>0x1b0</size>
         <input_file_ref idref="fl-21"/>
      </object_component>
      <object_component id="oc-115">
         <name>.debug_info</name>
         <load_address>0x1366</load_address>
         <run_address>0x1366</run_address>
         <size>0x39</size>
         <input_file_ref idref="fl-21"/>
      </object_component>
      <object_component id="oc-121">
         <name>.debug_info</name>
         <load_address>0x139f</load_address>
         <run_address>0x139f</run_address>
         <size>0x39</size>
         <input_file_ref idref="fl-21"/>
      </object_component>
      <object_component id="oc-104">
         <name>.debug_info</name>
         <load_address>0x13d8</load_address>
         <run_address>0x13d8</run_address>
         <size>0x39</size>
         <input_file_ref idref="fl-21"/>
      </object_component>
      <object_component id="oc-11a">
         <name>.debug_info</name>
         <load_address>0x1411</load_address>
         <run_address>0x1411</run_address>
         <size>0xcd</size>
         <input_file_ref idref="fl-21"/>
      </object_component>
      <object_component id="oc-62">
         <name>.debug_info</name>
         <load_address>0x14de</load_address>
         <run_address>0x14de</run_address>
         <size>0x149</size>
         <input_file_ref idref="fl-22"/>
      </object_component>
      <object_component id="oc-ee">
         <name>.debug_info</name>
         <load_address>0x1627</load_address>
         <run_address>0x1627</run_address>
         <size>0x146</size>
         <input_file_ref idref="fl-23"/>
      </object_component>
      <object_component id="oc-d2">
         <name>.debug_info</name>
         <load_address>0x176d</load_address>
         <run_address>0x176d</run_address>
         <size>0x2c</size>
         <input_file_ref idref="fl-25"/>
      </object_component>
      <object_component id="oc-39">
         <name>.debug_info</name>
         <load_address>0x1799</load_address>
         <run_address>0x1799</run_address>
         <size>0x56d</size>
         <input_file_ref idref="fl-26"/>
      </object_component>
      <object_component id="oc-19">
         <name>.debug_info</name>
         <load_address>0x1d06</load_address>
         <run_address>0x1d06</run_address>
         <size>0x1cd</size>
         <input_file_ref idref="fl-26"/>
      </object_component>
      <object_component id="oc-34">
         <name>.debug_info</name>
         <load_address>0x1ed3</load_address>
         <run_address>0x1ed3</run_address>
         <size>0x46</size>
         <input_file_ref idref="fl-26"/>
      </object_component>
      <object_component id="oc-6a">
         <name>.debug_info</name>
         <load_address>0x1f19</load_address>
         <run_address>0x1f19</run_address>
         <size>0x2c</size>
         <input_file_ref idref="fl-26"/>
      </object_component>
      <object_component id="oc-7d">
         <name>.debug_info</name>
         <load_address>0x1f45</load_address>
         <run_address>0x1f45</run_address>
         <size>0x59e</size>
         <input_file_ref idref="fl-27"/>
      </object_component>
      <object_component id="oc-3b">
         <name>.debug_info</name>
         <load_address>0x24e3</load_address>
         <run_address>0x24e3</run_address>
         <size>0x255</size>
         <input_file_ref idref="fl-27"/>
      </object_component>
      <object_component id="oc-1f">
         <name>.debug_info</name>
         <load_address>0x2738</load_address>
         <run_address>0x2738</run_address>
         <size>0x1b2</size>
         <input_file_ref idref="fl-27"/>
      </object_component>
      <object_component id="oc-41">
         <name>.debug_info</name>
         <load_address>0x28ea</load_address>
         <run_address>0x28ea</run_address>
         <size>0x46</size>
         <input_file_ref idref="fl-27"/>
      </object_component>
      <object_component id="oc-d9">
         <name>.debug_info</name>
         <load_address>0x2930</load_address>
         <run_address>0x2930</run_address>
         <size>0x39</size>
         <input_file_ref idref="fl-27"/>
      </object_component>
      <object_component id="oc-7e">
         <name>.debug_info</name>
         <load_address>0x2969</load_address>
         <run_address>0x2969</run_address>
         <size>0x2c</size>
         <input_file_ref idref="fl-27"/>
      </object_component>
      <object_component id="oc-112">
         <name>.debug_info</name>
         <load_address>0x2995</load_address>
         <run_address>0x2995</run_address>
         <size>0x6fa</size>
         <input_file_ref idref="fl-28"/>
      </object_component>
      <object_component id="oc-f3">
         <name>.debug_info</name>
         <load_address>0x308f</load_address>
         <run_address>0x308f</run_address>
         <size>0x210</size>
         <input_file_ref idref="fl-28"/>
      </object_component>
      <object_component id="oc-128">
         <name>.debug_info</name>
         <load_address>0x329f</load_address>
         <run_address>0x329f</run_address>
         <size>0x2c</size>
         <input_file_ref idref="fl-28"/>
      </object_component>
      <object_component id="oc-12d">
         <name>.debug_info</name>
         <load_address>0x32cb</load_address>
         <run_address>0x32cb</run_address>
         <size>0x39</size>
         <input_file_ref idref="fl-28"/>
      </object_component>
      <object_component id="oc-9c">
         <name>.debug_info</name>
         <load_address>0x3304</load_address>
         <run_address>0x3304</run_address>
         <size>0x59c</size>
         <input_file_ref idref="fl-29"/>
      </object_component>
      <object_component id="oc-93">
         <name>.debug_info</name>
         <load_address>0x38a0</load_address>
         <run_address>0x38a0</run_address>
         <size>0x186</size>
         <input_file_ref idref="fl-29"/>
      </object_component>
      <object_component id="oc-97">
         <name>.debug_info</name>
         <load_address>0x3a26</load_address>
         <run_address>0x3a26</run_address>
         <size>0x118</size>
         <input_file_ref idref="fl-29"/>
      </object_component>
      <object_component id="oc-5c">
         <name>.debug_info</name>
         <load_address>0x3b3e</load_address>
         <run_address>0x3b3e</run_address>
         <size>0x178</size>
         <input_file_ref idref="fl-29"/>
      </object_component>
      <object_component id="oc-91">
         <name>.debug_info</name>
         <load_address>0x3cb6</load_address>
         <run_address>0x3cb6</run_address>
         <size>0x5a9</size>
         <input_file_ref idref="fl-2a"/>
      </object_component>
      <object_component id="oc-55">
         <name>.debug_info</name>
         <load_address>0x425f</load_address>
         <run_address>0x425f</run_address>
         <size>0x168</size>
         <input_file_ref idref="fl-2a"/>
      </object_component>
      <object_component id="oc-e2">
         <name>.debug_info</name>
         <load_address>0x43c7</load_address>
         <run_address>0x43c7</run_address>
         <size>0x5e</size>
         <input_file_ref idref="fl-2a"/>
      </object_component>
      <object_component id="oc-31">
         <name>.debug_info</name>
         <load_address>0x4425</load_address>
         <run_address>0x4425</run_address>
         <size>0x122</size>
         <input_file_ref idref="fl-2c"/>
      </object_component>
      <object_component id="oc-d1">
         <name>.debug_info</name>
         <load_address>0x4547</load_address>
         <run_address>0x4547</run_address>
         <size>0x564</size>
         <input_file_ref idref="fl-2d"/>
      </object_component>
      <object_component id="oc-77">
         <name>.debug_info</name>
         <load_address>0x4aab</load_address>
         <run_address>0x4aab</run_address>
         <size>0x22a</size>
         <input_file_ref idref="fl-2d"/>
      </object_component>
      <object_component id="oc-166">
         <name>.debug_info</name>
         <load_address>0x4cd5</load_address>
         <run_address>0x4cd5</run_address>
         <size>0x90</size>
      </object_component>
      <object_component id="oc-8b">
         <name>.debug_line</name>
         <load_address>0x0</load_address>
         <run_address>0x0</run_address>
         <size>0x40</size>
         <input_file_ref idref="fl-2"/>
      </object_component>
      <object_component id="oc-73">
         <name>.debug_line</name>
         <load_address>0x40</load_address>
         <run_address>0x40</run_address>
         <size>0x20</size>
         <input_file_ref idref="fl-2"/>
      </object_component>
      <object_component id="oc-cf">
         <name>.debug_line</name>
         <load_address>0x60</load_address>
         <run_address>0x60</run_address>
         <size>0x48</size>
         <input_file_ref idref="fl-20"/>
      </object_component>
      <object_component id="oc-67">
         <name>.debug_line</name>
         <load_address>0xa8</load_address>
         <run_address>0xa8</run_address>
         <size>0x2a</size>
         <input_file_ref idref="fl-20"/>
      </object_component>
      <object_component id="oc-2a">
         <name>.debug_line</name>
         <load_address>0xd2</load_address>
         <run_address>0xd2</run_address>
         <size>0x5d</size>
         <input_file_ref idref="fl-20"/>
      </object_component>
      <object_component id="oc-114">
         <name>.debug_line</name>
         <load_address>0x12f</load_address>
         <run_address>0x12f</run_address>
         <size>0xbf</size>
         <input_file_ref idref="fl-21"/>
      </object_component>
      <object_component id="oc-9f">
         <name>.debug_line</name>
         <load_address>0x1ee</load_address>
         <run_address>0x1ee</run_address>
         <size>0x8d</size>
         <input_file_ref idref="fl-21"/>
      </object_component>
      <object_component id="oc-117">
         <name>.debug_line</name>
         <load_address>0x27b</load_address>
         <run_address>0x27b</run_address>
         <size>0x2e</size>
         <input_file_ref idref="fl-21"/>
      </object_component>
      <object_component id="oc-123">
         <name>.debug_line</name>
         <load_address>0x2a9</load_address>
         <run_address>0x2a9</run_address>
         <size>0x9a</size>
         <input_file_ref idref="fl-21"/>
      </object_component>
      <object_component id="oc-106">
         <name>.debug_line</name>
         <load_address>0x343</load_address>
         <run_address>0x343</run_address>
         <size>0x97</size>
         <input_file_ref idref="fl-21"/>
      </object_component>
      <object_component id="oc-11c">
         <name>.debug_line</name>
         <load_address>0x3da</load_address>
         <run_address>0x3da</run_address>
         <size>0x93</size>
         <input_file_ref idref="fl-21"/>
      </object_component>
      <object_component id="oc-5f">
         <name>.debug_line</name>
         <load_address>0x46d</load_address>
         <run_address>0x46d</run_address>
         <size>0x40</size>
         <input_file_ref idref="fl-22"/>
      </object_component>
      <object_component id="oc-f0">
         <name>.debug_line</name>
         <load_address>0x4ad</load_address>
         <run_address>0x4ad</run_address>
         <size>0x3b</size>
         <input_file_ref idref="fl-23"/>
      </object_component>
      <object_component id="oc-d4">
         <name>.debug_line</name>
         <load_address>0x4e8</load_address>
         <run_address>0x4e8</run_address>
         <size>0x92</size>
         <input_file_ref idref="fl-25"/>
      </object_component>
      <object_component id="oc-70">
         <name>.debug_line</name>
         <load_address>0x57a</load_address>
         <run_address>0x57a</run_address>
         <size>0x20</size>
         <input_file_ref idref="fl-26"/>
      </object_component>
      <object_component id="oc-1d">
         <name>.debug_line</name>
         <load_address>0x59a</load_address>
         <run_address>0x59a</run_address>
         <size>0x53</size>
         <input_file_ref idref="fl-26"/>
      </object_component>
      <object_component id="oc-36">
         <name>.debug_line</name>
         <load_address>0x5ed</load_address>
         <run_address>0x5ed</run_address>
         <size>0x3a</size>
         <input_file_ref idref="fl-26"/>
      </object_component>
      <object_component id="oc-6c">
         <name>.debug_line</name>
         <load_address>0x627</load_address>
         <run_address>0x627</run_address>
         <size>0x92</size>
         <input_file_ref idref="fl-26"/>
      </object_component>
      <object_component id="oc-d8">
         <name>.debug_line</name>
         <load_address>0x6b9</load_address>
         <run_address>0x6b9</run_address>
         <size>0x92</size>
         <input_file_ref idref="fl-27"/>
      </object_component>
      <object_component id="oc-3f">
         <name>.debug_line</name>
         <load_address>0x74b</load_address>
         <run_address>0x74b</run_address>
         <size>0xc6</size>
         <input_file_ref idref="fl-27"/>
      </object_component>
      <object_component id="oc-23">
         <name>.debug_line</name>
         <load_address>0x811</load_address>
         <run_address>0x811</run_address>
         <size>0x49</size>
         <input_file_ref idref="fl-27"/>
      </object_component>
      <object_component id="oc-43">
         <name>.debug_line</name>
         <load_address>0x85a</load_address>
         <run_address>0x85a</run_address>
         <size>0x39</size>
         <input_file_ref idref="fl-27"/>
      </object_component>
      <object_component id="oc-db">
         <name>.debug_line</name>
         <load_address>0x893</load_address>
         <run_address>0x893</run_address>
         <size>0x9a</size>
         <input_file_ref idref="fl-27"/>
      </object_component>
      <object_component id="oc-80">
         <name>.debug_line</name>
         <load_address>0x92d</load_address>
         <run_address>0x92d</run_address>
         <size>0x96</size>
         <input_file_ref idref="fl-27"/>
      </object_component>
      <object_component id="oc-127">
         <name>.debug_line</name>
         <load_address>0x9c3</load_address>
         <run_address>0x9c3</run_address>
         <size>0x29</size>
         <input_file_ref idref="fl-28"/>
      </object_component>
      <object_component id="oc-f6">
         <name>.debug_line</name>
         <load_address>0x9ec</load_address>
         <run_address>0x9ec</run_address>
         <size>0x74</size>
         <input_file_ref idref="fl-28"/>
      </object_component>
      <object_component id="oc-12a">
         <name>.debug_line</name>
         <load_address>0xa60</load_address>
         <run_address>0xa60</run_address>
         <size>0x29</size>
         <input_file_ref idref="fl-28"/>
      </object_component>
      <object_component id="oc-12f">
         <name>.debug_line</name>
         <load_address>0xa89</load_address>
         <run_address>0xa89</run_address>
         <size>0x92</size>
         <input_file_ref idref="fl-28"/>
      </object_component>
      <object_component id="oc-eb">
         <name>.debug_line</name>
         <load_address>0xb1b</load_address>
         <run_address>0xb1b</run_address>
         <size>0x91</size>
         <input_file_ref idref="fl-29"/>
      </object_component>
      <object_component id="oc-e8">
         <name>.debug_line</name>
         <load_address>0xbac</load_address>
         <run_address>0xbac</run_address>
         <size>0x2a</size>
         <input_file_ref idref="fl-29"/>
      </object_component>
      <object_component id="oc-9a">
         <name>.debug_line</name>
         <load_address>0xbd6</load_address>
         <run_address>0xbd6</run_address>
         <size>0x3a</size>
         <input_file_ref idref="fl-29"/>
      </object_component>
      <object_component id="oc-5a">
         <name>.debug_line</name>
         <load_address>0xc10</load_address>
         <run_address>0xc10</run_address>
         <size>0x85</size>
         <input_file_ref idref="fl-29"/>
      </object_component>
      <object_component id="oc-e1">
         <name>.debug_line</name>
         <load_address>0xc95</load_address>
         <run_address>0xc95</run_address>
         <size>0x2f</size>
         <input_file_ref idref="fl-2a"/>
      </object_component>
      <object_component id="oc-54">
         <name>.debug_line</name>
         <load_address>0xcc4</load_address>
         <run_address>0xcc4</run_address>
         <size>0x4e</size>
         <input_file_ref idref="fl-2a"/>
      </object_component>
      <object_component id="oc-e4">
         <name>.debug_line</name>
         <load_address>0xd12</load_address>
         <run_address>0xd12</run_address>
         <size>0x2f</size>
         <input_file_ref idref="fl-2a"/>
      </object_component>
      <object_component id="oc-2f">
         <name>.debug_line</name>
         <load_address>0xd41</load_address>
         <run_address>0xd41</run_address>
         <size>0x4e</size>
         <input_file_ref idref="fl-2c"/>
      </object_component>
      <object_component id="oc-10d">
         <name>.debug_line</name>
         <load_address>0xd8f</load_address>
         <run_address>0xd8f</run_address>
         <size>0x20</size>
         <input_file_ref idref="fl-2d"/>
      </object_component>
      <object_component id="oc-7b">
         <name>.debug_line</name>
         <load_address>0xdaf</load_address>
         <run_address>0xdaf</run_address>
         <size>0x65</size>
         <input_file_ref idref="fl-2d"/>
      </object_component>
      <object_component id="oc-8c">
         <name>.debug_frame</name>
         <load_address>0x0</load_address>
         <run_address>0x0</run_address>
         <size>0x40</size>
         <input_file_ref idref="fl-2"/>
      </object_component>
      <object_component id="oc-26">
         <name>.debug_frame</name>
         <load_address>0x40</load_address>
         <run_address>0x40</run_address>
         <size>0x38</size>
         <input_file_ref idref="fl-20"/>
      </object_component>
      <object_component id="oc-a0">
         <name>.debug_frame</name>
         <load_address>0x78</load_address>
         <run_address>0x78</run_address>
         <size>0x5c</size>
         <input_file_ref idref="fl-21"/>
      </object_component>
      <object_component id="oc-61">
         <name>.debug_frame</name>
         <load_address>0xd4</load_address>
         <run_address>0xd4</run_address>
         <size>0x3c</size>
         <input_file_ref idref="fl-22"/>
      </object_component>
      <object_component id="oc-f1">
         <name>.debug_frame</name>
         <load_address>0x110</load_address>
         <run_address>0x110</run_address>
         <size>0x3c</size>
         <input_file_ref idref="fl-23"/>
      </object_component>
      <object_component id="oc-1c">
         <name>.debug_frame</name>
         <load_address>0x14c</load_address>
         <run_address>0x14c</run_address>
         <size>0x3c</size>
         <input_file_ref idref="fl-26"/>
      </object_component>
      <object_component id="oc-3e">
         <name>.debug_frame</name>
         <load_address>0x188</load_address>
         <run_address>0x188</run_address>
         <size>0x68</size>
         <input_file_ref idref="fl-27"/>
      </object_component>
      <object_component id="oc-22">
         <name>.debug_frame</name>
         <load_address>0x1f0</load_address>
         <run_address>0x1f0</run_address>
         <size>0x3c</size>
         <input_file_ref idref="fl-27"/>
      </object_component>
      <object_component id="oc-f7">
         <name>.debug_frame</name>
         <load_address>0x22c</load_address>
         <run_address>0x22c</run_address>
         <size>0x68</size>
         <input_file_ref idref="fl-28"/>
      </object_component>
      <object_component id="oc-96">
         <name>.debug_frame</name>
         <load_address>0x294</load_address>
         <run_address>0x294</run_address>
         <size>0x3c</size>
         <input_file_ref idref="fl-29"/>
      </object_component>
      <object_component id="oc-59">
         <name>.debug_frame</name>
         <load_address>0x2d0</load_address>
         <run_address>0x2d0</run_address>
         <size>0x4c</size>
         <input_file_ref idref="fl-29"/>
      </object_component>
      <object_component id="oc-57">
         <name>.debug_frame</name>
         <load_address>0x31c</load_address>
         <run_address>0x31c</run_address>
         <size>0x3c</size>
         <input_file_ref idref="fl-2a"/>
      </object_component>
      <object_component id="oc-7a">
         <name>.debug_frame</name>
         <load_address>0x358</load_address>
         <run_address>0x358</run_address>
         <size>0x40</size>
         <input_file_ref idref="fl-2d"/>
      </object_component>
      <object_component id="oc-df">
         <name>.debug_abbrev</name>
         <load_address>0x0</load_address>
         <run_address>0x0</run_address>
         <size>0x52</size>
         <input_file_ref idref="fl-2"/>
      </object_component>
      <object_component id="oc-74">
         <name>.debug_abbrev</name>
         <load_address>0x52</load_address>
         <run_address>0x52</run_address>
         <size>0x2e</size>
         <input_file_ref idref="fl-2"/>
      </object_component>
      <object_component id="oc-ce">
         <name>.debug_abbrev</name>
         <load_address>0x80</load_address>
         <run_address>0x80</run_address>
         <size>0x79</size>
         <input_file_ref idref="fl-20"/>
      </object_component>
      <object_component id="oc-66">
         <name>.debug_abbrev</name>
         <load_address>0xf9</load_address>
         <run_address>0xf9</run_address>
         <size>0x29</size>
         <input_file_ref idref="fl-20"/>
      </object_component>
      <object_component id="oc-65">
         <name>.debug_abbrev</name>
         <load_address>0x122</load_address>
         <run_address>0x122</run_address>
         <size>0x64</size>
         <input_file_ref idref="fl-20"/>
      </object_component>
      <object_component id="oc-113">
         <name>.debug_abbrev</name>
         <load_address>0x186</load_address>
         <run_address>0x186</run_address>
         <size>0xc0</size>
         <input_file_ref idref="fl-21"/>
      </object_component>
      <object_component id="oc-f8">
         <name>.debug_abbrev</name>
         <load_address>0x246</load_address>
         <run_address>0x246</run_address>
         <size>0x7e</size>
         <input_file_ref idref="fl-21"/>
      </object_component>
      <object_component id="oc-118">
         <name>.debug_abbrev</name>
         <load_address>0x2c4</load_address>
         <run_address>0x2c4</run_address>
         <size>0x24</size>
         <input_file_ref idref="fl-21"/>
      </object_component>
      <object_component id="oc-124">
         <name>.debug_abbrev</name>
         <load_address>0x2e8</load_address>
         <run_address>0x2e8</run_address>
         <size>0x24</size>
         <input_file_ref idref="fl-21"/>
      </object_component>
      <object_component id="oc-107">
         <name>.debug_abbrev</name>
         <load_address>0x30c</load_address>
         <run_address>0x30c</run_address>
         <size>0x24</size>
         <input_file_ref idref="fl-21"/>
      </object_component>
      <object_component id="oc-11d">
         <name>.debug_abbrev</name>
         <load_address>0x330</load_address>
         <run_address>0x330</run_address>
         <size>0x4b</size>
         <input_file_ref idref="fl-21"/>
      </object_component>
      <object_component id="oc-9d">
         <name>.debug_abbrev</name>
         <load_address>0x37b</load_address>
         <run_address>0x37b</run_address>
         <size>0x55</size>
         <input_file_ref idref="fl-22"/>
      </object_component>
      <object_component id="oc-110">
         <name>.debug_abbrev</name>
         <load_address>0x3d0</load_address>
         <run_address>0x3d0</run_address>
         <size>0x53</size>
         <input_file_ref idref="fl-23"/>
      </object_component>
      <object_component id="oc-d5">
         <name>.debug_abbrev</name>
         <load_address>0x423</load_address>
         <run_address>0x423</run_address>
         <size>0x24</size>
         <input_file_ref idref="fl-25"/>
      </object_component>
      <object_component id="oc-6f">
         <name>.debug_abbrev</name>
         <load_address>0x447</load_address>
         <run_address>0x447</run_address>
         <size>0x37</size>
         <input_file_ref idref="fl-26"/>
      </object_component>
      <object_component id="oc-33">
         <name>.debug_abbrev</name>
         <load_address>0x47e</load_address>
         <run_address>0x47e</run_address>
         <size>0x74</size>
         <input_file_ref idref="fl-26"/>
      </object_component>
      <object_component id="oc-37">
         <name>.debug_abbrev</name>
         <load_address>0x4f2</load_address>
         <run_address>0x4f2</run_address>
         <size>0x24</size>
         <input_file_ref idref="fl-26"/>
      </object_component>
      <object_component id="oc-6d">
         <name>.debug_abbrev</name>
         <load_address>0x516</load_address>
         <run_address>0x516</run_address>
         <size>0x24</size>
         <input_file_ref idref="fl-26"/>
      </object_component>
      <object_component id="oc-d7">
         <name>.debug_abbrev</name>
         <load_address>0x53a</load_address>
         <run_address>0x53a</run_address>
         <size>0x5d</size>
         <input_file_ref idref="fl-27"/>
      </object_component>
      <object_component id="oc-7c">
         <name>.debug_abbrev</name>
         <load_address>0x597</load_address>
         <run_address>0x597</run_address>
         <size>0x7b</size>
         <input_file_ref idref="fl-27"/>
      </object_component>
      <object_component id="oc-40">
         <name>.debug_abbrev</name>
         <load_address>0x612</load_address>
         <run_address>0x612</run_address>
         <size>0x66</size>
         <input_file_ref idref="fl-27"/>
      </object_component>
      <object_component id="oc-44">
         <name>.debug_abbrev</name>
         <load_address>0x678</load_address>
         <run_address>0x678</run_address>
         <size>0x24</size>
         <input_file_ref idref="fl-27"/>
      </object_component>
      <object_component id="oc-dc">
         <name>.debug_abbrev</name>
         <load_address>0x69c</load_address>
         <run_address>0x69c</run_address>
         <size>0x35</size>
         <input_file_ref idref="fl-27"/>
      </object_component>
      <object_component id="oc-81">
         <name>.debug_abbrev</name>
         <load_address>0x6d1</load_address>
         <run_address>0x6d1</run_address>
         <size>0x24</size>
         <input_file_ref idref="fl-27"/>
      </object_component>
      <object_component id="oc-126">
         <name>.debug_abbrev</name>
         <load_address>0x6f5</load_address>
         <run_address>0x6f5</run_address>
         <size>0x95</size>
         <input_file_ref idref="fl-28"/>
      </object_component>
      <object_component id="oc-111">
         <name>.debug_abbrev</name>
         <load_address>0x78a</load_address>
         <run_address>0x78a</run_address>
         <size>0x7e</size>
         <input_file_ref idref="fl-28"/>
      </object_component>
      <object_component id="oc-12b">
         <name>.debug_abbrev</name>
         <load_address>0x808</load_address>
         <run_address>0x808</run_address>
         <size>0x24</size>
         <input_file_ref idref="fl-28"/>
      </object_component>
      <object_component id="oc-130">
         <name>.debug_abbrev</name>
         <load_address>0x82c</load_address>
         <run_address>0x82c</run_address>
         <size>0x24</size>
         <input_file_ref idref="fl-28"/>
      </object_component>
      <object_component id="oc-ea">
         <name>.debug_abbrev</name>
         <load_address>0x850</load_address>
         <run_address>0x850</run_address>
         <size>0x59</size>
         <input_file_ref idref="fl-29"/>
      </object_component>
      <object_component id="oc-e7">
         <name>.debug_abbrev</name>
         <load_address>0x8a9</load_address>
         <run_address>0x8a9</run_address>
         <size>0x29</size>
         <input_file_ref idref="fl-29"/>
      </object_component>
      <object_component id="oc-e9">
         <name>.debug_abbrev</name>
         <load_address>0x8d2</load_address>
         <run_address>0x8d2</run_address>
         <size>0x45</size>
         <input_file_ref idref="fl-29"/>
      </object_component>
      <object_component id="oc-9b">
         <name>.debug_abbrev</name>
         <load_address>0x917</load_address>
         <run_address>0x917</run_address>
         <size>0x8c</size>
         <input_file_ref idref="fl-29"/>
      </object_component>
      <object_component id="oc-e0">
         <name>.debug_abbrev</name>
         <load_address>0x9a3</load_address>
         <run_address>0x9a3</run_address>
         <size>0x80</size>
         <input_file_ref idref="fl-2a"/>
      </object_component>
      <object_component id="oc-90">
         <name>.debug_abbrev</name>
         <load_address>0xa23</load_address>
         <run_address>0xa23</run_address>
         <size>0x68</size>
         <input_file_ref idref="fl-2a"/>
      </object_component>
      <object_component id="oc-e5">
         <name>.debug_abbrev</name>
         <load_address>0xa8b</load_address>
         <run_address>0xa8b</run_address>
         <size>0x49</size>
         <input_file_ref idref="fl-2a"/>
      </object_component>
      <object_component id="oc-69">
         <name>.debug_abbrev</name>
         <load_address>0xad4</load_address>
         <run_address>0xad4</run_address>
         <size>0x3e</size>
         <input_file_ref idref="fl-2c"/>
      </object_component>
      <object_component id="oc-10c">
         <name>.debug_abbrev</name>
         <load_address>0xb12</load_address>
         <run_address>0xb12</run_address>
         <size>0x3c</size>
         <input_file_ref idref="fl-2d"/>
      </object_component>
      <object_component id="oc-d0">
         <name>.debug_abbrev</name>
         <load_address>0xb4e</load_address>
         <run_address>0xb4e</run_address>
         <size>0x71</size>
         <input_file_ref idref="fl-2d"/>
      </object_component>
      <object_component id="oc-167">
         <name>.debug_abbrev</name>
         <load_address>0xbbf</load_address>
         <run_address>0xbbf</run_address>
         <size>0xf</size>
      </object_component>
      <object_component id="oc-75">
         <name>.debug_str</name>
         <load_address>0x0</load_address>
         <run_address>0x0</run_address>
         <size>0x13b</size>
         <input_file_ref idref="fl-2"/>
      </object_component>
      <object_component id="oc-119">
         <name>.debug_str</name>
         <load_address>0x13b</load_address>
         <run_address>0x13b</run_address>
         <size>0xe3</size>
         <input_file_ref idref="fl-21"/>
      </object_component>
      <object_component id="oc-125">
         <name>.debug_str</name>
         <load_address>0x21e</load_address>
         <run_address>0x21e</run_address>
         <size>0x14d</size>
         <input_file_ref idref="fl-21"/>
      </object_component>
      <object_component id="oc-108">
         <name>.debug_str</name>
         <load_address>0x36b</load_address>
         <run_address>0x36b</run_address>
         <size>0x146</size>
         <input_file_ref idref="fl-21"/>
      </object_component>
      <object_component id="oc-11e">
         <name>.debug_str</name>
         <load_address>0x4b1</load_address>
         <run_address>0x4b1</run_address>
         <size>0x18d</size>
         <input_file_ref idref="fl-21"/>
      </object_component>
      <object_component id="oc-d6">
         <name>.debug_str</name>
         <load_address>0x63e</load_address>
         <run_address>0x63e</run_address>
         <size>0x136</size>
         <input_file_ref idref="fl-25"/>
      </object_component>
      <object_component id="oc-38">
         <name>.debug_str</name>
         <load_address>0x774</load_address>
         <run_address>0x774</run_address>
         <size>0x101</size>
         <input_file_ref idref="fl-26"/>
      </object_component>
      <object_component id="oc-6e">
         <name>.debug_str</name>
         <load_address>0x875</load_address>
         <run_address>0x875</run_address>
         <size>0x136</size>
         <input_file_ref idref="fl-26"/>
      </object_component>
      <object_component id="oc-45">
         <name>.debug_str</name>
         <load_address>0x9ab</load_address>
         <run_address>0x9ab</run_address>
         <size>0xfc</size>
         <input_file_ref idref="fl-27"/>
      </object_component>
      <object_component id="oc-dd">
         <name>.debug_str</name>
         <load_address>0xaa7</load_address>
         <run_address>0xaa7</run_address>
         <size>0x152</size>
         <input_file_ref idref="fl-27"/>
      </object_component>
      <object_component id="oc-82">
         <name>.debug_str</name>
         <load_address>0xbf9</load_address>
         <run_address>0xbf9</run_address>
         <size>0x141</size>
         <input_file_ref idref="fl-27"/>
      </object_component>
      <object_component id="oc-12c">
         <name>.debug_str</name>
         <load_address>0xd3a</load_address>
         <run_address>0xd3a</run_address>
         <size>0xd3</size>
         <input_file_ref idref="fl-28"/>
      </object_component>
      <object_component id="oc-131">
         <name>.debug_str</name>
         <load_address>0xe0d</load_address>
         <run_address>0xe0d</run_address>
         <size>0x140</size>
         <input_file_ref idref="fl-28"/>
      </object_component>
      <object_component id="oc-e6">
         <name>.debug_str</name>
         <load_address>0xf4d</load_address>
         <run_address>0xf4d</run_address>
         <size>0xdb</size>
         <input_file_ref idref="fl-2a"/>
      </object_component>
      <object_component id="oc-8d">
         <name>.debug_aranges</name>
         <load_address>0x0</load_address>
         <run_address>0x0</run_address>
         <size>0x20</size>
         <input_file_ref idref="fl-2"/>
      </object_component>
      <object_component id="oc-29">
         <name>.debug_aranges</name>
         <load_address>0x20</load_address>
         <run_address>0x20</run_address>
         <size>0x20</size>
         <input_file_ref idref="fl-20"/>
      </object_component>
      <object_component id="oc-a1">
         <name>.debug_aranges</name>
         <load_address>0x40</load_address>
         <run_address>0x40</run_address>
         <size>0x20</size>
         <input_file_ref idref="fl-21"/>
      </object_component>
      <object_component id="oc-60">
         <name>.debug_aranges</name>
         <load_address>0x60</load_address>
         <run_address>0x60</run_address>
         <size>0x20</size>
         <input_file_ref idref="fl-22"/>
      </object_component>
      <object_component id="oc-ed">
         <name>.debug_aranges</name>
         <load_address>0x80</load_address>
         <run_address>0x80</run_address>
         <size>0x20</size>
         <input_file_ref idref="fl-23"/>
      </object_component>
      <object_component id="oc-1a">
         <name>.debug_aranges</name>
         <load_address>0xa0</load_address>
         <run_address>0xa0</run_address>
         <size>0x20</size>
         <input_file_ref idref="fl-26"/>
      </object_component>
      <object_component id="oc-3c">
         <name>.debug_aranges</name>
         <load_address>0xc0</load_address>
         <run_address>0xc0</run_address>
         <size>0x20</size>
         <input_file_ref idref="fl-27"/>
      </object_component>
      <object_component id="oc-20">
         <name>.debug_aranges</name>
         <load_address>0xe0</load_address>
         <run_address>0xe0</run_address>
         <size>0x20</size>
         <input_file_ref idref="fl-27"/>
      </object_component>
      <object_component id="oc-f5">
         <name>.debug_aranges</name>
         <load_address>0x100</load_address>
         <run_address>0x100</run_address>
         <size>0x20</size>
         <input_file_ref idref="fl-28"/>
      </object_component>
      <object_component id="oc-99">
         <name>.debug_aranges</name>
         <load_address>0x120</load_address>
         <run_address>0x120</run_address>
         <size>0x20</size>
         <input_file_ref idref="fl-29"/>
      </object_component>
      <object_component id="oc-5b">
         <name>.debug_aranges</name>
         <load_address>0x140</load_address>
         <run_address>0x140</run_address>
         <size>0x20</size>
         <input_file_ref idref="fl-29"/>
      </object_component>
      <object_component id="oc-53">
         <name>.debug_aranges</name>
         <load_address>0x160</load_address>
         <run_address>0x160</run_address>
         <size>0x20</size>
         <input_file_ref idref="fl-2a"/>
      </object_component>
      <object_component id="oc-30">
         <name>.debug_aranges</name>
         <load_address>0x180</load_address>
         <run_address>0x180</run_address>
         <size>0x20</size>
         <input_file_ref idref="fl-2c"/>
      </object_component>
      <object_component id="oc-78">
         <name>.debug_aranges</name>
         <load_address>0x1a0</load_address>
         <run_address>0x1a0</run_address>
         <size>0x20</size>
         <input_file_ref idref="fl-2d"/>
      </object_component>
      <object_component id="oc-8f">
         <name>.debug_pubnames</name>
         <load_address>0x0</load_address>
         <run_address>0x0</run_address>
         <size>0x1b</size>
         <input_file_ref idref="fl-2"/>
      </object_component>
      <object_component id="oc-2d">
         <name>.debug_pubnames</name>
         <load_address>0x1b</load_address>
         <run_address>0x1b</run_address>
         <size>0x1d</size>
         <input_file_ref idref="fl-20"/>
      </object_component>
      <object_component id="oc-28">
         <name>.debug_pubnames</name>
         <load_address>0x38</load_address>
         <run_address>0x38</run_address>
         <size>0x1f</size>
         <input_file_ref idref="fl-20"/>
      </object_component>
      <object_component id="oc-a3">
         <name>.debug_pubnames</name>
         <load_address>0x57</load_address>
         <run_address>0x57</run_address>
         <size>0x35</size>
         <input_file_ref idref="fl-21"/>
      </object_component>
      <object_component id="oc-63">
         <name>.debug_pubnames</name>
         <load_address>0x8c</load_address>
         <run_address>0x8c</run_address>
         <size>0x27</size>
         <input_file_ref idref="fl-22"/>
      </object_component>
      <object_component id="oc-ef">
         <name>.debug_pubnames</name>
         <load_address>0xb3</load_address>
         <run_address>0xb3</run_address>
         <size>0x29</size>
         <input_file_ref idref="fl-23"/>
      </object_component>
      <object_component id="oc-1b">
         <name>.debug_pubnames</name>
         <load_address>0xdc</load_address>
         <run_address>0xdc</run_address>
         <size>0x2b</size>
         <input_file_ref idref="fl-26"/>
      </object_component>
      <object_component id="oc-3d">
         <name>.debug_pubnames</name>
         <load_address>0x107</load_address>
         <run_address>0x107</run_address>
         <size>0x2f</size>
         <input_file_ref idref="fl-27"/>
      </object_component>
      <object_component id="oc-21">
         <name>.debug_pubnames</name>
         <load_address>0x136</load_address>
         <run_address>0x136</run_address>
         <size>0x2c</size>
         <input_file_ref idref="fl-27"/>
      </object_component>
      <object_component id="oc-f4">
         <name>.debug_pubnames</name>
         <load_address>0x162</load_address>
         <run_address>0x162</run_address>
         <size>0x24</size>
         <input_file_ref idref="fl-28"/>
      </object_component>
      <object_component id="oc-94">
         <name>.debug_pubnames</name>
         <load_address>0x186</load_address>
         <run_address>0x186</run_address>
         <size>0x5e</size>
         <input_file_ref idref="fl-29"/>
      </object_component>
      <object_component id="oc-98">
         <name>.debug_pubnames</name>
         <load_address>0x1e4</load_address>
         <run_address>0x1e4</run_address>
         <size>0x1c</size>
         <input_file_ref idref="fl-29"/>
      </object_component>
      <object_component id="oc-5d">
         <name>.debug_pubnames</name>
         <load_address>0x200</load_address>
         <run_address>0x200</run_address>
         <size>0x1b</size>
         <input_file_ref idref="fl-29"/>
      </object_component>
      <object_component id="oc-56">
         <name>.debug_pubnames</name>
         <load_address>0x21b</load_address>
         <run_address>0x21b</run_address>
         <size>0x21</size>
         <input_file_ref idref="fl-2a"/>
      </object_component>
      <object_component id="oc-32">
         <name>.debug_pubnames</name>
         <load_address>0x23c</load_address>
         <run_address>0x23c</run_address>
         <size>0x1d</size>
         <input_file_ref idref="fl-2c"/>
      </object_component>
      <object_component id="oc-79">
         <name>.debug_pubnames</name>
         <load_address>0x259</load_address>
         <run_address>0x259</run_address>
         <size>0x1d</size>
         <input_file_ref idref="fl-2d"/>
      </object_component>
      <object_component id="oc-72">
         <name>.debug_pubtypes</name>
         <load_address>0x0</load_address>
         <run_address>0x0</run_address>
         <size>0x155</size>
         <input_file_ref idref="fl-2"/>
      </object_component>
      <object_component id="oc-116">
         <name>.debug_pubtypes</name>
         <load_address>0x155</load_address>
         <run_address>0x155</run_address>
         <size>0x32</size>
         <input_file_ref idref="fl-21"/>
      </object_component>
      <object_component id="oc-122">
         <name>.debug_pubtypes</name>
         <load_address>0x187</load_address>
         <run_address>0x187</run_address>
         <size>0x30</size>
         <input_file_ref idref="fl-21"/>
      </object_component>
      <object_component id="oc-105">
         <name>.debug_pubtypes</name>
         <load_address>0x1b7</load_address>
         <run_address>0x1b7</run_address>
         <size>0x2c</size>
         <input_file_ref idref="fl-21"/>
      </object_component>
      <object_component id="oc-11b">
         <name>.debug_pubtypes</name>
         <load_address>0x1e3</load_address>
         <run_address>0x1e3</run_address>
         <size>0x50</size>
         <input_file_ref idref="fl-21"/>
      </object_component>
      <object_component id="oc-d3">
         <name>.debug_pubtypes</name>
         <load_address>0x233</load_address>
         <run_address>0x233</run_address>
         <size>0x1d</size>
         <input_file_ref idref="fl-25"/>
      </object_component>
      <object_component id="oc-35">
         <name>.debug_pubtypes</name>
         <load_address>0x250</load_address>
         <run_address>0x250</run_address>
         <size>0x48</size>
         <input_file_ref idref="fl-26"/>
      </object_component>
      <object_component id="oc-6b">
         <name>.debug_pubtypes</name>
         <load_address>0x298</load_address>
         <run_address>0x298</run_address>
         <size>0x1d</size>
         <input_file_ref idref="fl-26"/>
      </object_component>
      <object_component id="oc-42">
         <name>.debug_pubtypes</name>
         <load_address>0x2b5</load_address>
         <run_address>0x2b5</run_address>
         <size>0x44</size>
         <input_file_ref idref="fl-27"/>
      </object_component>
      <object_component id="oc-da">
         <name>.debug_pubtypes</name>
         <load_address>0x2f9</load_address>
         <run_address>0x2f9</run_address>
         <size>0x35</size>
         <input_file_ref idref="fl-27"/>
      </object_component>
      <object_component id="oc-7f">
         <name>.debug_pubtypes</name>
         <load_address>0x32e</load_address>
         <run_address>0x32e</run_address>
         <size>0x24</size>
         <input_file_ref idref="fl-27"/>
      </object_component>
      <object_component id="oc-129">
         <name>.debug_pubtypes</name>
         <load_address>0x352</load_address>
         <run_address>0x352</run_address>
         <size>0x23</size>
         <input_file_ref idref="fl-28"/>
      </object_component>
      <object_component id="oc-12e">
         <name>.debug_pubtypes</name>
         <load_address>0x375</load_address>
         <run_address>0x375</run_address>
         <size>0x2b</size>
         <input_file_ref idref="fl-28"/>
      </object_component>
      <object_component id="oc-e3">
         <name>.debug_pubtypes</name>
         <load_address>0x3a0</load_address>
         <run_address>0x3a0</run_address>
         <size>0x1b</size>
         <input_file_ref idref="fl-2a"/>
      </object_component>
   </object_component_list>
   <logical_group_list>
      <logical_group id="lg-2" display="no" color="cyan">
         <name>.text</name>
         <load_address>0x80000800</load_address>
         <run_address>0x80000800</run_address>
         <size>0x660</size>
         <contents>
            <object_component_ref idref="oc-3a"/>
            <object_component_ref idref="oc-58"/>
            <object_component_ref idref="oc-76"/>
            <object_component_ref idref="oc-9e"/>
            <object_component_ref idref="oc-f2"/>
            <object_component_ref idref="oc-2e"/>
            <object_component_ref idref="oc-25"/>
            <object_component_ref idref="oc-52"/>
            <object_component_ref idref="oc-ec"/>
            <object_component_ref idref="oc-5e"/>
            <object_component_ref idref="oc-95"/>
            <object_component_ref idref="oc-18"/>
            <object_component_ref idref="oc-1e"/>
            <object_component_ref idref="oc-8a"/>
         </contents>
      </logical_group>
      <logical_group id="lg-3" display="no" color="cyan">
         <name>.stack</name>
         <run_address>0x80000000</run_address>
         <size>0x800</size>
         <contents>
            <object_component_ref idref="oc-2b"/>
            <object_component_ref idref="oc-165"/>
         </contents>
      </logical_group>
      <logical_group id="lg-4" display="no" color="cyan">
         <name>.bss</name>
         <run_address>0x0</run_address>
         <size>0x0</size>
         <contents>
         </contents>
      </logical_group>
      <logical_group id="lg-5" display="no" color="cyan">
         <name>.cio</name>
         <run_address>0x0</run_address>
         <size>0x0</size>
         <contents>
         </contents>
      </logical_group>
      <logical_group id="lg-6" display="no" color="cyan">
         <name>.const</name>
         <run_address>0x0</run_address>
         <size>0x0</size>
         <contents>
         </contents>
      </logical_group>
      <logical_group id="lg-7" display="no" color="cyan">
         <name>.data</name>
         <run_address>0x0</run_address>
         <size>0x0</size>
         <contents>
         </contents>
      </logical_group>
      <logical_group id="lg-8" display="no" color="cyan">
         <name>.switch</name>
         <run_address>0x0</run_address>
         <size>0x0</size>
         <contents>
         </contents>
      </logical_group>
      <logical_group id="lg-9" display="no" color="cyan">
         <name>.sysmem</name>
         <run_address>0x0</run_address>
         <size>0x0</size>
         <contents>
         </contents>
      </logical_group>
      <logical_group id="lg-a" display="no" color="cyan">
         <name>.far</name>
         <run_address>0x0</run_address>
         <size>0x0</size>
         <contents>
         </contents>
      </logical_group>
      <logical_group id="lg-b" display="no" color="cyan">
         <name>.args</name>
         <run_address>0x0</run_address>
         <size>0x0</size>
         <contents>
         </contents>
      </logical_group>
      <logical_group id="lg-c" display="no" color="cyan">
         <name>.ppinfo</name>
         <run_address>0x0</run_address>
         <size>0x0</size>
         <contents>
         </contents>
      </logical_group>
      <logical_group id="lg-d" display="no" color="cyan">
         <name>.ppdata</name>
         <run_address>0x0</run_address>
         <size>0x0</size>
         <contents>
         </contents>
      </logical_group>
      <logical_group id="lg-e" display="no" color="cyan">
         <name>.pinit</name>
         <run_address>0x0</run_address>
         <size>0x0</size>
         <contents>
         </contents>
      </logical_group>
      <logical_group id="lg-f" display="no" color="cyan">
         <name>.cinit</name>
         <load_address>0x80000e70</load_address>
         <run_address>0x80000e70</run_address>
         <size>0x20</size>
         <contents>
            <object_component_ref idref="oc-164"/>
            <object_component_ref idref="oc-162"/>
            <object_component_ref idref="oc-163"/>
         </contents>
      </logical_group>
      <logical_group id="lg-10" display="no" color="cyan">
         <name>.binit</name>
         <run_address>0x0</run_address>
         <size>0x0</size>
         <contents>
         </contents>
      </logical_group>
      <logical_group id="lg-11" display="no" color="cyan">
         <name>.init_array</name>
         <run_address>0x0</run_address>
         <size>0x0</size>
         <contents>
         </contents>
      </logical_group>
      <logical_group id="lg-12" display="no" color="cyan">
         <name>.neardata</name>
         <run_address>0x0</run_address>
         <size>0x0</size>
         <contents>
         </contents>
      </logical_group>
      <logical_group id="lg-13" display="no" color="cyan">
         <name>.fardata</name>
         <run_address>0x80000e60</run_address>
         <size>0xc</size>
         <contents>
            <object_component_ref idref="oc-92"/>
         </contents>
      </logical_group>
      <logical_group id="lg-14" display="no" color="cyan">
         <name>.rodata</name>
         <run_address>0x0</run_address>
         <size>0x0</size>
         <contents>
         </contents>
      </logical_group>
      <logical_group id="lg-15" display="no" color="cyan">
         <name>.c6xabi.exidx</name>
         <run_address>0x0</run_address>
         <size>0x0</size>
         <contents>
         </contents>
      </logical_group>
      <logical_group id="lg-16" display="no" color="cyan">
         <name>.c6xabi.extab</name>
         <run_address>0x0</run_address>
         <size>0x0</size>
         <contents>
         </contents>
      </logical_group>
      <logical_group id="lg-14e" display="never" color="cyan">
         <name>.debug_info</name>
         <load_address>0x0</load_address>
         <run_address>0x0</run_address>
         <size>0x4d65</size>
         <contents>
            <object_component_ref idref="oc-8e"/>
            <object_component_ref idref="oc-71"/>
            <object_component_ref idref="oc-68"/>
            <object_component_ref idref="oc-2c"/>
            <object_component_ref idref="oc-27"/>
            <object_component_ref idref="oc-f9"/>
            <object_component_ref idref="oc-a2"/>
            <object_component_ref idref="oc-115"/>
            <object_component_ref idref="oc-121"/>
            <object_component_ref idref="oc-104"/>
            <object_component_ref idref="oc-11a"/>
            <object_component_ref idref="oc-62"/>
            <object_component_ref idref="oc-ee"/>
            <object_component_ref idref="oc-d2"/>
            <object_component_ref idref="oc-39"/>
            <object_component_ref idref="oc-19"/>
            <object_component_ref idref="oc-34"/>
            <object_component_ref idref="oc-6a"/>
            <object_component_ref idref="oc-7d"/>
            <object_component_ref idref="oc-3b"/>
            <object_component_ref idref="oc-1f"/>
            <object_component_ref idref="oc-41"/>
            <object_component_ref idref="oc-d9"/>
            <object_component_ref idref="oc-7e"/>
            <object_component_ref idref="oc-112"/>
            <object_component_ref idref="oc-f3"/>
            <object_component_ref idref="oc-128"/>
            <object_component_ref idref="oc-12d"/>
            <object_component_ref idref="oc-9c"/>
            <object_component_ref idref="oc-93"/>
            <object_component_ref idref="oc-97"/>
            <object_component_ref idref="oc-5c"/>
            <object_component_ref idref="oc-91"/>
            <object_component_ref idref="oc-55"/>
            <object_component_ref idref="oc-e2"/>
            <object_component_ref idref="oc-31"/>
            <object_component_ref idref="oc-d1"/>
            <object_component_ref idref="oc-77"/>
            <object_component_ref idref="oc-166"/>
         </contents>
      </logical_group>
      <logical_group id="lg-150" display="never" color="cyan">
         <name>.debug_line</name>
         <load_address>0x0</load_address>
         <run_address>0x0</run_address>
         <size>0xe14</size>
         <contents>
            <object_component_ref idref="oc-8b"/>
            <object_component_ref idref="oc-73"/>
            <object_component_ref idref="oc-cf"/>
            <object_component_ref idref="oc-67"/>
            <object_component_ref idref="oc-2a"/>
            <object_component_ref idref="oc-114"/>
            <object_component_ref idref="oc-9f"/>
            <object_component_ref idref="oc-117"/>
            <object_component_ref idref="oc-123"/>
            <object_component_ref idref="oc-106"/>
            <object_component_ref idref="oc-11c"/>
            <object_component_ref idref="oc-5f"/>
            <object_component_ref idref="oc-f0"/>
            <object_component_ref idref="oc-d4"/>
            <object_component_ref idref="oc-70"/>
            <object_component_ref idref="oc-1d"/>
            <object_component_ref idref="oc-36"/>
            <object_component_ref idref="oc-6c"/>
            <object_component_ref idref="oc-d8"/>
            <object_component_ref idref="oc-3f"/>
            <object_component_ref idref="oc-23"/>
            <object_component_ref idref="oc-43"/>
            <object_component_ref idref="oc-db"/>
            <object_component_ref idref="oc-80"/>
            <object_component_ref idref="oc-127"/>
            <object_component_ref idref="oc-f6"/>
            <object_component_ref idref="oc-12a"/>
            <object_component_ref idref="oc-12f"/>
            <object_component_ref idref="oc-eb"/>
            <object_component_ref idref="oc-e8"/>
            <object_component_ref idref="oc-9a"/>
            <object_component_ref idref="oc-5a"/>
            <object_component_ref idref="oc-e1"/>
            <object_component_ref idref="oc-54"/>
            <object_component_ref idref="oc-e4"/>
            <object_component_ref idref="oc-2f"/>
            <object_component_ref idref="oc-10d"/>
            <object_component_ref idref="oc-7b"/>
         </contents>
      </logical_group>
      <logical_group id="lg-152" display="never" color="cyan">
         <name>.debug_frame</name>
         <load_address>0x0</load_address>
         <run_address>0x0</run_address>
         <size>0x398</size>
         <contents>
            <object_component_ref idref="oc-8c"/>
            <object_component_ref idref="oc-26"/>
            <object_component_ref idref="oc-a0"/>
            <object_component_ref idref="oc-61"/>
            <object_component_ref idref="oc-f1"/>
            <object_component_ref idref="oc-1c"/>
            <object_component_ref idref="oc-3e"/>
            <object_component_ref idref="oc-22"/>
            <object_component_ref idref="oc-f7"/>
            <object_component_ref idref="oc-96"/>
            <object_component_ref idref="oc-59"/>
            <object_component_ref idref="oc-57"/>
            <object_component_ref idref="oc-7a"/>
         </contents>
      </logical_group>
      <logical_group id="lg-154" display="never" color="cyan">
         <name>.debug_abbrev</name>
         <load_address>0x0</load_address>
         <run_address>0x0</run_address>
         <size>0xbce</size>
         <contents>
            <object_component_ref idref="oc-df"/>
            <object_component_ref idref="oc-74"/>
            <object_component_ref idref="oc-ce"/>
            <object_component_ref idref="oc-66"/>
            <object_component_ref idref="oc-65"/>
            <object_component_ref idref="oc-113"/>
            <object_component_ref idref="oc-f8"/>
            <object_component_ref idref="oc-118"/>
            <object_component_ref idref="oc-124"/>
            <object_component_ref idref="oc-107"/>
            <object_component_ref idref="oc-11d"/>
            <object_component_ref idref="oc-9d"/>
            <object_component_ref idref="oc-110"/>
            <object_component_ref idref="oc-d5"/>
            <object_component_ref idref="oc-6f"/>
            <object_component_ref idref="oc-33"/>
            <object_component_ref idref="oc-37"/>
            <object_component_ref idref="oc-6d"/>
            <object_component_ref idref="oc-d7"/>
            <object_component_ref idref="oc-7c"/>
            <object_component_ref idref="oc-40"/>
            <object_component_ref idref="oc-44"/>
            <object_component_ref idref="oc-dc"/>
            <object_component_ref idref="oc-81"/>
            <object_component_ref idref="oc-126"/>
            <object_component_ref idref="oc-111"/>
            <object_component_ref idref="oc-12b"/>
            <object_component_ref idref="oc-130"/>
            <object_component_ref idref="oc-ea"/>
            <object_component_ref idref="oc-e7"/>
            <object_component_ref idref="oc-e9"/>
            <object_component_ref idref="oc-9b"/>
            <object_component_ref idref="oc-e0"/>
            <object_component_ref idref="oc-90"/>
            <object_component_ref idref="oc-e5"/>
            <object_component_ref idref="oc-69"/>
            <object_component_ref idref="oc-10c"/>
            <object_component_ref idref="oc-d0"/>
            <object_component_ref idref="oc-167"/>
         </contents>
      </logical_group>
      <logical_group id="lg-156" display="never" color="cyan">
         <name>.debug_str</name>
         <load_address>0x0</load_address>
         <run_address>0x0</run_address>
         <size>0x1028</size>
         <contents>
            <object_component_ref idref="oc-75"/>
            <object_component_ref idref="oc-119"/>
            <object_component_ref idref="oc-125"/>
            <object_component_ref idref="oc-108"/>
            <object_component_ref idref="oc-11e"/>
            <object_component_ref idref="oc-d6"/>
            <object_component_ref idref="oc-38"/>
            <object_component_ref idref="oc-6e"/>
            <object_component_ref idref="oc-45"/>
            <object_component_ref idref="oc-dd"/>
            <object_component_ref idref="oc-82"/>
            <object_component_ref idref="oc-12c"/>
            <object_component_ref idref="oc-131"/>
            <object_component_ref idref="oc-e6"/>
         </contents>
      </logical_group>
      <logical_group id="lg-158" display="never" color="cyan">
         <name>.debug_aranges</name>
         <load_address>0x0</load_address>
         <run_address>0x0</run_address>
         <size>0x1c0</size>
         <contents>
            <object_component_ref idref="oc-8d"/>
            <object_component_ref idref="oc-29"/>
            <object_component_ref idref="oc-a1"/>
            <object_component_ref idref="oc-60"/>
            <object_component_ref idref="oc-ed"/>
            <object_component_ref idref="oc-1a"/>
            <object_component_ref idref="oc-3c"/>
            <object_component_ref idref="oc-20"/>
            <object_component_ref idref="oc-f5"/>
            <object_component_ref idref="oc-99"/>
            <object_component_ref idref="oc-5b"/>
            <object_component_ref idref="oc-53"/>
            <object_component_ref idref="oc-30"/>
            <object_component_ref idref="oc-78"/>
         </contents>
      </logical_group>
      <logical_group id="lg-15a" display="never" color="cyan">
         <name>.debug_pubnames</name>
         <load_address>0x0</load_address>
         <run_address>0x0</run_address>
         <size>0x276</size>
         <contents>
            <object_component_ref idref="oc-8f"/>
            <object_component_ref idref="oc-2d"/>
            <object_component_ref idref="oc-28"/>
            <object_component_ref idref="oc-a3"/>
            <object_component_ref idref="oc-63"/>
            <object_component_ref idref="oc-ef"/>
            <object_component_ref idref="oc-1b"/>
            <object_component_ref idref="oc-3d"/>
            <object_component_ref idref="oc-21"/>
            <object_component_ref idref="oc-f4"/>
            <object_component_ref idref="oc-94"/>
            <object_component_ref idref="oc-98"/>
            <object_component_ref idref="oc-5d"/>
            <object_component_ref idref="oc-56"/>
            <object_component_ref idref="oc-32"/>
            <object_component_ref idref="oc-79"/>
         </contents>
      </logical_group>
      <logical_group id="lg-15c" display="never" color="cyan">
         <name>.debug_pubtypes</name>
         <load_address>0x0</load_address>
         <run_address>0x0</run_address>
         <size>0x3bb</size>
         <contents>
            <object_component_ref idref="oc-72"/>
            <object_component_ref idref="oc-116"/>
            <object_component_ref idref="oc-122"/>
            <object_component_ref idref="oc-105"/>
            <object_component_ref idref="oc-11b"/>
            <object_component_ref idref="oc-d3"/>
            <object_component_ref idref="oc-35"/>
            <object_component_ref idref="oc-6b"/>
            <object_component_ref idref="oc-42"/>
            <object_component_ref idref="oc-da"/>
            <object_component_ref idref="oc-7f"/>
            <object_component_ref idref="oc-129"/>
            <object_component_ref idref="oc-12e"/>
            <object_component_ref idref="oc-e3"/>
         </contents>
      </logical_group>
      <load_segment id="lg-169" display="no" color="cyan">
         <name>SEGMENT_0</name>
         <run_address>0x80000000</run_address>
         <size>0x800</size>
         <flags>0x6</flags>
         <contents>
            <logical_group_ref idref="lg-3"/>
         </contents>
      </load_segment>
      <load_segment id="lg-16a" display="no" color="cyan">
         <name>SEGMENT_1</name>
         <load_address>0x80000800</load_address>
         <run_address>0x80000800</run_address>
         <size>0x660</size>
         <flags>0x5</flags>
         <contents>
            <logical_group_ref idref="lg-2"/>
         </contents>
      </load_segment>
      <load_segment id="lg-16b" display="no" color="cyan">
         <name>SEGMENT_2</name>
         <run_address>0x80000e60</run_address>
         <size>0xc</size>
         <flags>0x6</flags>
         <contents>
            <logical_group_ref idref="lg-13"/>
         </contents>
      </load_segment>
      <load_segment id="lg-16c" display="no" color="cyan">
         <name>SEGMENT_3</name>
         <load_address>0x80000e70</load_address>
         <run_address>0x80000e70</run_address>
         <size>0x20</size>
         <flags>0x4</flags>
         <contents>
            <logical_group_ref idref="lg-f"/>
         </contents>
      </load_segment>
   </logical_group_list>
   <placement_map>
      <memory_area display="yes" color="green">
         <name>DSPL2ROM</name>
         <page_id>0x0</page_id>
         <origin>0x700000</origin>
         <length>0x100000</length>
         <used_space>0x0</used_space>
         <unused_space>0x100000</unused_space>
         <attributes>RWIX</attributes>
         <usage_details>
         </usage_details>
      </memory_area>
      <memory_area display="yes" color="green">
         <name>DSPL2RAM</name>
         <page_id>0x0</page_id>
         <origin>0x800000</origin>
         <length>0x40000</length>
         <used_space>0x0</used_space>
         <unused_space>0x40000</unused_space>
         <attributes>RWIX</attributes>
         <usage_details>
         </usage_details>
      </memory_area>
      <memory_area display="yes" color="green">
         <name>DSPL1PRAM</name>
         <page_id>0x0</page_id>
         <origin>0xe00000</origin>
         <length>0x8000</length>
         <used_space>0x0</used_space>
         <unused_space>0x8000</unused_space>
         <attributes>RWIX</attributes>
         <usage_details>
         </usage_details>
      </memory_area>
      <memory_area display="yes" color="green">
         <name>DSPL1DRAM</name>
         <page_id>0x0</page_id>
         <origin>0xf00000</origin>
         <length>0x8000</length>
         <used_space>0x0</used_space>
         <unused_space>0x8000</unused_space>
         <attributes>RWIX</attributes>
         <usage_details>
         </usage_details>
      </memory_area>
      <memory_area display="yes" color="green">
         <name>SHDSPL2ROM</name>
         <page_id>0x0</page_id>
         <origin>0x11700000</origin>
         <length>0x100000</length>
         <used_space>0x0</used_space>
         <unused_space>0x100000</unused_space>
         <attributes>RWIX</attributes>
         <usage_details>
         </usage_details>
      </memory_area>
      <memory_area display="yes" color="green">
         <name>SHDSPL2RAM</name>
         <page_id>0x0</page_id>
         <origin>0x11800000</origin>
         <length>0x40000</length>
         <used_space>0x0</used_space>
         <unused_space>0x40000</unused_space>
         <attributes>RWIX</attributes>
         <usage_details>
         </usage_details>
      </memory_area>
      <memory_area display="yes" color="green">
         <name>SHDSPL1PRAM</name>
         <page_id>0x0</page_id>
         <origin>0x11e00000</origin>
         <length>0x8000</length>
         <used_space>0x0</used_space>
         <unused_space>0x8000</unused_space>
         <attributes>RWIX</attributes>
         <usage_details>
         </usage_details>
      </memory_area>
      <memory_area display="yes" color="green">
         <name>SHDSPL1DRAM</name>
         <page_id>0x0</page_id>
         <origin>0x11f00000</origin>
         <length>0x8000</length>
         <used_space>0x0</used_space>
         <unused_space>0x8000</unused_space>
         <attributes>RWIX</attributes>
         <usage_details>
         </usage_details>
      </memory_area>
      <memory_area display="yes" color="green">
         <name>EMIFACS0</name>
         <page_id>0x0</page_id>
         <origin>0x40000000</origin>
         <length>0x20000000</length>
         <used_space>0x0</used_space>
         <unused_space>0x20000000</unused_space>
         <attributes>RWIX</attributes>
         <usage_details>
         </usage_details>
      </memory_area>
      <memory_area display="yes" color="green">
         <name>EMIFACS2</name>
         <page_id>0x0</page_id>
         <origin>0x60000000</origin>
         <length>0x2000000</length>
         <used_space>0x0</used_space>
         <unused_space>0x2000000</unused_space>
         <attributes>RWIX</attributes>
         <usage_details>
         </usage_details>
      </memory_area>
      <memory_area display="yes" color="green">
         <name>EMIFACS3</name>
         <page_id>0x0</page_id>
         <origin>0x62000000</origin>
         <length>0x2000000</length>
         <used_space>0x0</used_space>
         <unused_space>0x2000000</unused_space>
         <attributes>RWIX</attributes>
         <usage_details>
         </usage_details>
      </memory_area>
      <memory_area display="yes" color="green">
         <name>EMIFACS4</name>
         <page_id>0x0</page_id>
         <origin>0x64000000</origin>
         <length>0x2000000</length>
         <used_space>0x0</used_space>
         <unused_space>0x2000000</unused_space>
         <attributes>RWIX</attributes>
         <usage_details>
         </usage_details>
      </memory_area>
      <memory_area display="yes" color="green">
         <name>EMIFACS5</name>
         <page_id>0x0</page_id>
         <origin>0x66000000</origin>
         <length>0x2000000</length>
         <used_space>0x0</used_space>
         <unused_space>0x2000000</unused_space>
         <attributes>RWIX</attributes>
         <usage_details>
         </usage_details>
      </memory_area>
      <memory_area display="yes" color="green">
         <name>SHRAM</name>
         <page_id>0x0</page_id>
         <origin>0x80000000</origin>
         <length>0x20000</length>
         <used_space>0xe8c</used_space>
         <unused_space>0x1f174</unused_space>
         <attributes>RWIX</attributes>
         <usage_details>
            <allocated_space>
               <start_address>0x80000000</start_address>
               <size>0x800</size>
               <logical_group_ref idref="lg-3"/>
            </allocated_space>
            <allocated_space>
               <start_address>0x80000800</start_address>
               <size>0x660</size>
               <logical_group_ref idref="lg-2"/>
            </allocated_space>
            <allocated_space>
               <start_address>0x80000e60</start_address>
               <size>0xc</size>
               <logical_group_ref idref="lg-13"/>
            </allocated_space>
            <available_space>
               <start_address>0x80000e6c</start_address>
               <size>0x4</size>
            </available_space>
            <allocated_space>
               <start_address>0x80000e70</start_address>
               <size>0x20</size>
               <logical_group_ref idref="lg-f"/>
            </allocated_space>
            <available_space>
               <start_address>0x80000e90</start_address>
               <size>0x1f170</size>
            </available_space>
         </usage_details>
      </memory_area>
      <memory_area display="yes" color="green">
         <name>DDR2</name>
         <page_id>0x0</page_id>
         <origin>0xc0000000</origin>
         <length>0x20000000</length>
         <used_space>0x0</used_space>
         <unused_space>0x20000000</unused_space>
         <attributes>RWIX</attributes>
         <usage_details>
         </usage_details>
      </memory_area>
   </placement_map>
   <cptbl_list>
      <cptbl>
         <name>__TI_cinit_table</name>
         <cprec>
            <name>.fardata</name>
            <load_address>0x80000e70</load_address>
            <load_size>0xd</load_size>
            <run_address>0x80000e60</run_address>
            <run_size>0xc</run_size>
            <compression>rle</compression>
         </cprec>
      </cptbl>
   </cptbl_list>
   <handler_table>
      <handler_table_name>__TI_handler_table</handler_table_name>
      <handler>
         <index>0x0</index>
         <name>__TI_decompress_rle24</name>
      </handler>
      <handler>
         <index>0x1</index>
         <name>__TI_decompress_none</name>
      </handler>
   </handler_table>
   <symbol_table>
      <symbol id="sm-1">
         <name>__TI_CINIT_Base</name>
         <value>0x80000e88</value>
      </symbol>
      <symbol id="sm-2">
         <name>__TI_CINIT_Limit</name>
         <value>0x80000e90</value>
      </symbol>
      <symbol id="sm-3">
         <name>__TI_Handler_Table_Base</name>
         <value>0x80000e80</value>
      </symbol>
      <symbol id="sm-4">
         <name>__TI_Handler_Table_Limit</name>
         <value>0x80000e88</value>
      </symbol>
      <symbol id="sm-5">
         <name>binit</name>
         <value>0xffffffff</value>
      </symbol>
      <symbol id="sm-6">
         <name>__binit__</name>
         <value>0xffffffff</value>
      </symbol>
      <symbol id="sm-7">
         <name>__TI_STACK_SIZE</name>
         <value>0x800</value>
      </symbol>
      <symbol id="sm-8">
         <name>__TI_STACK_END</name>
         <value>0x80000800</value>
      </symbol>
      <symbol id="sm-9">
         <name>__c_args__</name>
         <value>0xffffffff</value>
      </symbol>
      <symbol id="sm-a">
         <name>__TI_pprof_out_hndl</name>
         <value>0xffffffff</value>
      </symbol>
      <symbol id="sm-b">
         <name>__TI_prof_data_start</name>
         <value>0xffffffff</value>
      </symbol>
      <symbol id="sm-c">
         <name>__TI_prof_data_size</name>
         <value>0xffffffff</value>
      </symbol>
      <symbol id="sm-37">
         <name>main</name>
         <value>0x80000e40</value>
         <object_component_ref idref="oc-8a"/>
      </symbol>
      <symbol id="sm-4d">
         <name>_c_int00</name>
         <value>0x80000ce0</value>
         <object_component_ref idref="oc-25"/>
      </symbol>
      <symbol id="sm-4e">
         <name>_stack</name>
         <value>0x80000000</value>
         <object_component_ref idref="oc-2b"/>
      </symbol>
      <symbol id="sm-73">
         <name>__TI_auto_init_nobinit_nopinit</name>
         <value>0x80000ac0</value>
         <object_component_ref idref="oc-9e"/>
      </symbol>
      <symbol id="sm-7c">
         <name>_system_pre_init</name>
         <value>0x80000dc0</value>
         <object_component_ref idref="oc-5e"/>
      </symbol>
      <symbol id="sm-85">
         <name>_system_post_cinit</name>
         <value>0x80000da0</value>
         <object_component_ref idref="oc-ec"/>
      </symbol>
      <symbol id="sm-a3">
         <name>__TI_decompress_none</name>
         <value>0x80000e00</value>
         <object_component_ref idref="oc-18"/>
      </symbol>
      <symbol id="sm-ce">
         <name>__TI_decompress_rle24</name>
         <value>0x80000e20</value>
         <object_component_ref idref="oc-1e"/>
      </symbol>
      <symbol id="sm-e7">
         <name>__TI_tls_init</name>
         <value>0x80000b80</value>
         <object_component_ref idref="oc-f2"/>
      </symbol>
      <symbol id="sm-108">
         <name>C$$EXIT</name>
         <value>0x80000de0</value>
         <object_component_ref idref="oc-95"/>
      </symbol>
      <symbol id="sm-109">
         <name>abort</name>
         <value>0x80000de0</value>
         <object_component_ref idref="oc-95"/>
      </symbol>
      <symbol id="sm-10a">
         <name>exit</name>
         <value>0x80000900</value>
         <object_component_ref idref="oc-58"/>
      </symbol>
      <symbol id="sm-10b">
         <name>__TI_dtors_ptr</name>
         <value>0x80000e64</value>
         <object_component_ref idref="oc-92"/>
      </symbol>
      <symbol id="sm-10c">
         <name>__TI_cleanup_ptr</name>
         <value>0x80000e60</value>
         <object_component_ref idref="oc-92"/>
      </symbol>
      <symbol id="sm-10d">
         <name>__TI_enable_exit_profile_output</name>
         <value>0x80000e68</value>
         <object_component_ref idref="oc-92"/>
      </symbol>
      <symbol id="sm-11f">
         <name>_args_main</name>
         <value>0x80000d60</value>
         <object_component_ref idref="oc-52"/>
      </symbol>
      <symbol id="sm-129">
         <name>memcpy</name>
         <value>0x80000c40</value>
         <object_component_ref idref="oc-2e"/>
      </symbol>
      <symbol id="sm-139">
         <name>memset</name>
         <value>0x800009e0</value>
         <object_component_ref idref="oc-76"/>
      </symbol>
      <symbol id="sm-13a">
         <name>__TI_STATIC_BASE</name>
         <value>0x0</value>
      </symbol>
      <symbol id="sm-13c">
         <name>__TI_TLS_INIT_Base</name>
         <value>0x0</value>
      </symbol>
      <symbol id="sm-13d">
         <name>__TI_TLS_INIT_Limit</name>
         <value>0x0</value>
      </symbol>
   </symbol_table>
   <title>Link successful</title>
</link_info>
